Serial,Name,Yob,Candidacy,Cycle
1,משה אונא,1902,Full,1
2,סיף א-דין א-זועבי,1913,Full,1
3,ברוך אזניה,1905,Partial,1
4,בבה אידלסון,1885,Full,1
5,פייגה אילנית,1909,Full,1
6,אליהו אלישר,1899,Full,1
7,אברהם אלמליח,1876,Full,1
8,עמי אסף,1903,Full,1
9,יוסף אפרתי,1897,Full,1
10,מאיר ארגוב,1905,Full,1
11,משה ארם,1896,Full,1
12,זלמן ארן,1899,Full,1
13,מנחם בגין,1913,Full,1
14,יוחנן בדר,1905,Full,1
15,מנחם בדר,1895,Full,1
16,אריה בהיר,1906,Full,1
17,יוסף בורג,1909,Full,1
18,יצחק בן-אהרן,1906,Full,1
19,אריה בן-אליעזר,1913,Full,1
20,חיים בן-אשר,1904,Full,1
21,דוד בן-גוריון,1886,Full,1
22,מרדכי בנטוב,1900,Full,1
23,משה בן-עמי,1898,Full,1
24,יצחק בן-צבי,1884,Full,1
25,הרצל ברגר,1904,Partial,1
26,ישראל בר-יהודה,1895,Full,1
27,דב בר-ניר,1911,Partial,1
28,פרץ ברנשטיין,1890,Full,1
29,יוסף ברץ,1890,Full,1
30,דוד בר-רב-האי,1894,Full,1
31,רפאל בש,1913,Partial,1
32,עקיבא גוברין,1902,Full,1
33,אברהם יהודה גולדראט,1912,Full,1
34,ישראל גורי,1893,Full,1
35,שרגא גורן,1898,Full,1
36,יעקב גיל,1908,Full,1
37,זכריה גלוסקא,1894,Full,1
38,ישראל גלילי,1911,Full,1
39,אליהו משה גנחובסקי,1901,Full,1
40,אמין-סלים ג'רג'ורה,1886,Full,1
41,אהרן יעקב גרינברג,1900,Full,1
42,אורי צבי גרינברג,1895,Full,1
43,אברהם גרנות,1890,Full,1
44,יחיאל דובדבני,1896,Full,1
45,שמואל דיין,1891,Full,1
46,בן-ציון דינור,1884,Full,1
47,חסיה דרורי,1899,Full,1
48,דוד הכהן,1898,Full,1
49,אליהו הכרמלי,1891,Full,1
50,נטע הרפז,1893,Full,1
51,אברהם הרצפלד,1891,Full,1
52,יזהר הררי,1908,Full,1
53,מאיר וילנר,1918,Full,1
54,זרח ורהפטיג,1906,Full,1
55,ערי ז'בוטינסקי,1910,Full,1
56,אבא חושי,1898,Partial,1
57,יעקב חזן,1899,Full,1
58,אברהם טביב,1889,Partial,1
59,יצחק טבנקין,1888,Partial,1
60,ז'ניה טברסקי,1904,Partial,1
61,תופיק טובי,1922,Full,1
62,צבי יהודה,1887,Full,1
63,דב יוסף,1899,Full,1
64,נתן ילין-מור,1913,Full,1
65,מאיר יערי,1897,Full,1
66,ישראל ישעיהו-שרעבי,1908,Partial,1
67,אידוב כהן,1909,Full,1
68,מנחם כהן,1922,Partial,1
69,קלמן כהנא,1910,Full,1
70,רחל כהן-כגן,1888,Full,1
71,חיים כהן-מגורי,1913,Full,1
72,יונה כסה,1907,Full,1
73,שמואל כץ,1914,Full,1
74,פנחס לבון,1904,Full,1
75,שלמה לביא,1882,Full,1
76,מאיר דוד לוונשטיין,1904,Full,1
77,יצחק מאיר לוין,1893,Full,1
78,אליעזר ליבנה,1902,Full,1
79,דוד ליבשיץ,1897,Partial,1
80,יוסף מיכאל לם,1899,Partial,1
81,חנה למדן,1905,Full,1
82,חיים לנדאו,1916,Full,1
83,אליהו לנקין,1914,Full,1
84,גולדה מאיר,1898,Full,1
85,אליהו מזור,1889,Partial,1
86,יהודה לייב מימון,1875,Full,1
87,עדה מימון,1891,Full,1
88,בנימין מינץ,1903,Full,1
89,שמואל מיקוניס,1903,Full,1
90,יעקב מרידור,1913,Full,1
91,שמואל מרלין,1910,Full,1
92,מרדכי נורוק,1884,Full,1
93,נחום ניר,1884,Full,1
94,פרץ נפתלי,1888,Full,1
95,דבורה נצר,1897,Full,1
96,יזהר סמילנסקי,1916,Full,1
97,משה סנה,1909,Full,1
98,יוסף ספיר,1902,Full,1
99,יוסף סרלין,1906,Full,1
100,ישעיהו פורדר,1901,Full,1
101,דוד צבי פנקס,1897,Full,1
102,השל פרומקין,1896,Partial,1
103,אליעזר פרי,1902,Full,1
104,אליעזר פרמינגר,1920,Full,1
105,שושנה פרסיץ,1892,Full,1
106,אהרן ציזלינג,1901,Full,1
107,הלל קוק,1915,Full,1
108,יעקב קליבנוב,1887,Full,1
109,משה קלמר,1901,Partial,1
110,יצחק קנב,1896,Partial,1
111,אליעזר קפלן,1891,Full,1
112,חנן רובין,1908,Full,1
113,פנחס רוזן,1887,Full,1
114,ישראל רוקח,1886,Full,1
115,אסתר רזיאל-נאור,1911,Full,1
116,יעקב ריפתין,1907,Full,1
117,דוד רמז,1886,Partial,1
118,ברל רפטור,1902,Full,1
119,מנחם רצון,1919,Partial,1
120,אברהם רקנטי,1888,Full,1
121,אברהם חיים שאג,1887,Full,1
122,שניאור זלמן שזר,1889,Full,1
123,בכור שלום שטרית,1895,Full,1
124,יהודית שמחונית,1902,Partial,1
125,אריה שפטל,1905,Partial,1
126,חיים משה שפירא,1902,Full,1
127,יוסף שפרינצק,1884,Full,1
128,ראובן שרי,1903,Full,1
129,משה שרת,1894,Full,1
130,אפרים תבורי,1900,Full,1
131,בנימין אבניאל,1906,Full,2
132,משה אונא,1902,Full,2
133,יעקב אורי,1888,Full,2
134,סיף א-דין א-זועבי,1913,Full,2
135,ברוך אזניה,1905,Full,2
136,בבה אידלסון,1885,Full,2
137,עזרא איכילוב,1907,Full,2
138,אריה אלטמן,1902,Full,2
139,אליהו אלישר,1899,Full,2
140,עמי אסף,1903,Full,2
141,יוסף אפרתי,1897,Full,2
142,מאיר ארגוב,1905,Full,2
143,חיים אריאב,1895,Full,2
144,משה ארם,1896,Full,2
145,זלמן ארן,1899,Full,2
146,לוי אשכול,1895,Full,2
147,שמחה בבה,1902,Full,2
148,מנחם בגין,1913,Full,2
149,יוחנן בדר,1905,Full,2
150,חיים בוגר,1876,Full,2
151,יוסף בורג,1909,Full,2
152,שמעון בז'רנו,1910,Full,2
153,יצחק בן-אהרן,1906,Full,2
154,אריה בן-אליעזר,1913,Partial,2
155,חיים בן-אשר,1904,Full,2
156,דוד בן-גוריון,1886,Full,2
157,מרדכי בנטוב,1900,Full,2
158,זלמן בן-יעקב,1897,Partial,2
159,שלמה ישראל בן-מאיר,1910,Partial,2
160,יצחק בן-צבי,1884,Partial,2
161,רוסתם בסתוני,1923,Full,2
162,הרצל ברגר,1904,Full,2
163,ישראל בר-יהודה,1895,Full,2
164,אברהם ברמן,1907,Full,2
165,פרץ ברנשטיין,1890,Full,2
166,דוד בר-רב-האי,1894,Full,2
167,עקיבא גוברין,1902,Full,2
168,ישראל גורי,1893,Full,2
169,אליהו משה גנחובסקי,1901,Full,2
170,שמעון גרידי,1912,Full,2
171,אברהם גרנות,1890,Partial,2
172,אברהם דויטש,1889,Partial,2
173,שמואל דיין,1891,Full,2
174,דוד הכהן,1898,Partial,2
175,אליהו הכרמלי,1891,Partial,2
176,שלמה הלל,1923,Partial,2
177,יחזקאל הן,1908,Partial,2
178,בן-ציון הראל,1892,Full,2
179,אברהם הרצפלד,1891,Full,2
180,יזהר הררי,1908,Full,2
181,אסתר וילנסקה,1918,Full,2
182,מאיר וילנר,1918,Full,2
183,זרח ורהפטיג,1906,Full,2
184,שלום זיסמן,1914,Full,2
185,אמיל חביבי,1922,Full,2
186,יעקב חזן,1899,Full,2
187,יעקב מיכאל חזני,1913,Full,2
188,פארס חמדאן,1910,Full,2
189,סאלח-חסן ח'ניפס,1913,Full,2
190,נחום חת,1896,Full,2
191,ז'ניה טברסקי,1904,Full,2
192,תופיק טובי,1922,Full,2
193,דב יוסף,1899,Full,2
194,מאיר יערי,1897,Full,2
195,ישראל ישעיהו-שרעבי,1908,Full,2
196,אידוב כהן,1909,Partial,2
197,קלמן כהנא,1910,Full,2
198,חיים כהן-מגורי,1913,Partial,2
199,אברהם כלפון,1900,Partial,2
200,יונה כסה,1907,Full,2
201,שרה כפרית,1900,Full,2
202,בת-שבע כצנלסון,1897,Full,2
203,פנחס לבון,1904,Full,2
204,שלמה לביא,1882,Full,2
205,קדיש לוז,1895,Full,2
206,יצחק מאיר לוין,1893,Full,2
207,שלמה לורינץ,1918,Full,2
208,אליעזר ליבנה,1902,Full,2
209,דוד ליבשיץ,1897,Full,2
210,חנה למדן,1905,Full,2
211,חיים לנדאו,1916,Full,2
212,גולדה מאיר,1898,Full,2
213,ג'בר מועדי,1919,Full,2
214,עדה מימון,1891,Full,2
215,בנימין מינץ,1903,Full,2
216,שמואל מיקוניס,1903,Full,2
217,יעקב מרידור,1913,Partial,2
218,מרדכי נורוק,1884,Full,2
219,יעקב ניצני,1900,Partial,2
220,מרדכי נמיר,1897,Full,2
221,פרץ נפתלי,1888,Full,2
222,דבורה נצר,1897,Full,2
223,זלמן סוזאיב,1911,Full,2
224,אברהם סטופ,1897,Full,2
225,יזהר סמילנסקי,1916,Full,2
226,משה סנה,1909,Full,2
227,יוסף ספיר,1902,Full,2
228,יוסף סרלין,1906,Full,2
229,ישעיהו פורדר,1901,Partial,2
230,ראובן פלדמן,1899,Full,2
231,ג'ורג' פלש,1909,Full,2
232,דוד צבי פנקס,1897,Partial,2
233,אליעזר פרי,1902,Full,2
234,שלמה פרלשטיין,1902,Full,2
235,שושנה פרסיץ,1892,Full,2
236,רחל צברי,1909,Partial,2
237,אהרן ציזלינג,1901,Full,2
238,משה קול,1911,Partial,2
239,יעקב קליבנוב,1887,Full,2
240,משה קלמר,1901,Full,2
241,ברוך קמין,1914,Partial,2
242,מסעד קסיס,1918,Full,2
243,אליעזר קפלן,1891,Partial,2
244,חנן רובין,1908,Full,2
245,פנחס רוזן,1887,Full,2
246,ישראל רוקח,1886,Full,2
247,אסתר רזיאל-נאור,1911,Full,2
248,אלימלך שמעון רימלט,1907,Full,2
249,יעקב ריפתין,1907,Full,2
250,יצחק רפאל,1914,Full,2
251,אליעזר שוסטק,1911,Partial,2
252,שניאור זלמן שזר,1889,Full,2
253,בכור שלום שטרית,1895,Full,2
254,חיים משה שפירא,1902,Full,2
255,יעקב שמשון שפירא,1902,Full,2
256,זאב שפר,1906,Full,2
257,יוסף שפרינצק,1884,Full,2
258,ראובן שרי,1903,Full,2
259,משה שרת,1894,Full,2
260,בנימין ששון,1903,Full,2
261,אפרים תבורי,1900,Full,2
262,בנימין אבניאל,1906,Full,3
263,אהוד אבריאל,1917,Partial,3
264,מרדכי אולמרט,1908,Full,3
265,משה אונא,1902,Full,3
266,סיף א-דין א-זועבי,1913,Partial,3
267,ברוך אזניה,1905,Full,3
268,בבה אידלסון,1885,Full,3
269,עזרא איכילוב,1907,Full,3
270,יגאל אלון,1918,Full,3
271,אריה אלטמן,1902,Full,3
272,יוסף-אהרן אלמוגי,1910,Full,3
273,ירחמיאל אסא,1919,Partial,3
274,עמי אסף,1903,Full,3
275,יוסף אפרתי,1897,Full,3
276,מאיר ארגוב,1905,Full,3
277,בנימין ארדיטי,1897,Full,3
278,חיים אריאב,1895,Partial,3
279,משה ארם,1896,Full,3
280,זלמן ארן,1899,Full,3
281,לוי אשכול,1895,Full,3
282,שמחה בבה,1902,Full,3
283,מנחם בגין,1913,Full,3
284,יוחנן בדר,1905,Full,3
285,אריה בהיר,1906,Full,3
286,יוסף בורג,1909,Full,3
287,שמעון בז'רנו,1910,Full,3
288,יצחק בן-אהרן,1906,Full,3
289,אריה בן-אליעזר,1913,Full,3
290,דוד בן-גוריון,1886,Full,3
291,מרדכי בנטוב,1900,Full,3
292,זלמן בן-יעקב,1897,Partial,3
293,שלמה ישראל בן-מאיר,1910,Full,3
294,אהרן בקר,1905,Partial,3
295,הרצל ברגר,1904,Full,3
296,ישראל ברזילי,1913,Full,3
297,ישראל בר-יהודה,1895,Full,3
298,פרץ ברנשטיין,1890,Full,3
299,דוד בר-רב-האי,1894,Partial,3
300,עקיבא גוברין,1902,Full,3
301,ישראל גורי,1893,Full,3
302,ישראל גלילי,1911,Full,3
303,שלמה יעקב גרוס,1908,Partial,3
304,אהרן יעקב גרינברג,1900,Full,3
305,עמוס דגני,1926,Partial,3
306,שמואל דיין,1891,Full,3
307,דוד הכהן,1898,Full,3
308,שלמה הלל,1923,Partial,3
309,רות הקטין,1901,Full,3
310,בן-ציון הראל,1892,Full,3
311,אברהם הרצפלד,1891,Full,3
312,יזהר הררי,1908,Full,3
313,אסתר וילנסקה,1918,Full,3
314,מאיר וילנר,1918,Full,3
315,זרח ורהפטיג,1906,Full,3
316,פריג'א זוארץ,1907,Full,3
317,אמיל חביבי,1922,Full,3
318,יעקב חזן,1899,Full,3
319,יעקב מיכאל חזני,1913,Full,3
320,פארס חמדאן,1910,Full,3
321,יוסוף ח'מיס,1921,Partial,3
322,סאלח-חסן ח'ניפס,1913,Full,3
323,יצחק טבנקין,1888,Partial,3
324,ז'ניה טברסקי,1904,Partial,3
325,תופיק טובי,1922,Full,3
326,חיים יהודה,1917,Full,3
327,שמשון יוניצ'מן,1907,Full,3
328,דב יוסף,1899,Full,3
329,סנטה יוספטל,1912,Partial,3
330,מאיר יערי,1897,Full,3
331,יצחק יצחקי,1902,Partial,3
332,ישראל ישעיהו-שרעבי,1908,Full,3
333,יעקב כ”ץ,1906,Full,3
334,אידוב כהן,1909,Full,3
335,יוחנן כהן,1917,Partial,3
336,קלמן כהנא,1910,Full,3
337,חיים כהן-מגורי,1913,Full,3
338,יונה כסה,1907,Full,3
339,שרה כפרית,1900,Full,3
340,משה כרמל,1911,Partial,3
341,פנחס לבון,1904,Full,3
342,קדיש לוז,1895,Full,3
343,יצחק מאיר לוין,1893,Full,3
344,נחום לוין,1905,Full,3
345,ברל לוקר,1887,Full,3
346,שלמה לורינץ,1918,Full,3
347,דוד ליבשיץ,1897,Full,3
348,חנה למדן,1905,Partial,3
349,חיים לנדאו,1916,Full,3
350,צפורה לסקוב,1904,Partial,3
351,גולדה מאיר,1898,Full,3
352,ג'בר מועדי,1919,Partial,3
353,בנימין מינץ,1903,Full,3
354,שמואל מיקוניס,1903,Full,3
355,יעקב מרידור,1913,Full,3
356,מרדכי נורוק,1884,Full,3
357,יעקב ניצני,1900,Partial,3
358,נחום ניר,1884,Partial,3
359,מרדכי נמיר,1897,Full,3
360,פרץ נפתלי,1888,Full,3
361,דבורה נצר,1897,Full,3
362,זלמן סוזאיב,1911,Full,3
363,סאלח סלימאן,1888,Full,3
364,יזהר סמילנסקי,1916,Partial,3
365,משה סנה,1909,Full,3
366,יוסף ספיר,1902,Full,3
367,יוסף סרלין,1906,Full,3
368,אברהם עבאס,1912,Partial,3
369,ישעיהו פורדר,1901,Partial,3
370,שלמה פרלשטיין,1902,Full,3
371,שושנה פרסיץ,1892,Full,3
372,רחל צברי,1909,Full,3
373,חיים יוסף צדוק,1913,Partial,3
374,זאב צור,1911,Full,3
375,יעקב קליבנוב,1887,Partial,3
376,משה קלמר,1901,Full,3
377,מסעד קסיס,1918,Full,3
378,ישראל קרגמן,1906,Partial,3
379,חנן רובין,1908,Full,3
380,פנחס רוזן,1887,Full,3
381,ישראל רוקח,1886,Full,3
382,אסתר רזיאל-נאור,1911,Full,3
383,אלימלך שמעון רימלט,1907,Full,3
384,יעקב ריפתין,1907,Full,3
385,אהרן רמז,1919,Partial,3
386,יצחק רפאל,1914,Full,3
387,אליעזר שוסטק,1911,Full,3
388,יוסף שופמן,1903,Full,3
389,גרשום שוקן,1912,Full,3
390,שמואל שורש,1913,Full,3
391,שניאור זלמן שזר,1889,Partial,3
392,בכור שלום שטרית,1895,Full,3
393,חיים משה שפירא,1902,Full,3
394,יעקב שמשון שפירא,1902,Partial,3
395,יוסף שפרינצק,1884,Partial,3
396,משה שרת,1894,Full,3
397,אמה תלמי,1906,Full,3
398,לביב חוסיין אבו-רוכן,1911,Full,4
399,אבא אבן,1915,Full,4
400,בנימין אבניאל,1906,Full,4
401,שניאור זלמן אברמוב,1908,Full,4
402,אחמד א-ד'אהר,1906,Full,4
403,מרדכי אולמרט,1908,Full,4
404,משה אונא,1902,Full,4
405,ברוך אזניה,1905,Full,4
406,בבה אידלסון,1885,Full,4
407,עזרא איכילוב,1907,Full,4
408,יגאל אלון,1918,Partial,4
409,אריה אלטמן,1902,Full,4
410,יוסף-אהרן אלמוגי,1910,Full,4
411,מחמוד א-נאשף,1906,Full,4
412,עמי אסף,1903,Full,4
413,יוסף אפרתי,1897,Full,4
414,מאיר ארגוב,1905,Full,4
415,בנימין ארדיטי,1897,Full,4
416,זלמן ארן,1899,Full,4
417,לוי אשכול,1895,Full,4
418,מנחם בגין,1913,Full,4
419,יוחנן בדר,1905,Full,4
420,יוסף בורג,1909,Full,4
421,מרדכי ביבי,1922,Full,4
422,יצחק בן-אהרן,1906,Full,4
423,אריה בן-אליעזר,1913,Full,4
424,דוד בן-גוריון,1886,Full,4
425,מרדכי בנטוב,1900,Full,4
426,גדעון בן-ישראל,1923,Full,4
427,שלמה ישראל בן-מאיר,1910,Full,4
428,אהרן בקר,1905,Partial,4
429,הרצל ברגר,1904,Full,4
430,ישראל ברזילי,1913,Full,4
431,ישראל בר-יהודה,1895,Full,4
432,פרץ ברנשטיין,1890,Full,4
433,משה ברעם,1911,Full,4
434,דוד בר-רב-האי,1894,Full,4
435,עקיבא גוברין,1902,Full,4
436,יצחק גולן,1912,Full,4
437,ישראל גורי,1893,Full,4
438,ישראל גלילי,1911,Full,4
439,שלמה יעקב גרוס,1908,Partial,4
440,אהרן יעקב גרינברג,1900,Full,4
441,עמוס דגני,1926,Full,4
442,יוסף דיאב,1917,Full,4
443,משה דיין,1915,Full,4
444,אברהם דרורי,1919,Partial,4
445,דוד הכהן,1898,Full,4
446,רות הקטין,1901,Partial,4
447,אברהם הרצפלד,1891,Full,4
448,יזהר הררי,1908,Full,4
449,מאיר וילנר,1918,Partial,4
450,זרח ורהפטיג,1906,Full,4
451,פריג'א זוארץ,1907,Full,4
452,מרדכי זר,1914,Full,4
453,יעקב חזן,1899,Full,4
454,יעקב מיכאל חזני,1913,Full,4
455,יוסוף ח'מיס,1921,Full,4
456,אשר חסין,1918,Full,4
457,ז'ניה טברסקי,1904,Full,4
458,תופיק טובי,1922,Full,4
459,אהרן ידלין,1926,Partial,4
460,חיים יהודה,1917,Partial,4
461,שמשון יוניצ'מן,1907,Partial,4
462,גיורא יוספטל,1912,Full,4
463,מאיר יערי,1897,Full,4
464,ישראל ישעיהו-שרעבי,1908,Full,4
465,יעקב כ”ץ,1906,Full,4
466,אידוב כהן,1909,Full,4
467,מנחם כהן,1922,Full,4
468,קלמן כהנא,1910,Full,4
469,חיים כהן-מגורי,1913,Full,4
470,שמעון כנוביץ',1900,Full,4
471,יונה כסה,1907,Full,4
472,משה כרמל,1911,Full,4
473,פנחס לבון,1904,Full,4
474,קדיש לוז,1895,Full,4
475,יצחק מאיר לוין,1893,Full,4
476,נחום לוין,1905,Full,4
477,שלמה לורינץ,1918,Full,4
478,חנה למדן,1905,Full,4
479,חיים לנדאו,1916,Full,4
480,גולדה מאיר,1898,Full,4
481,בנימין מינץ,1903,Partial,4
482,שמואל מיקוניס,1903,Full,4
483,יעקב מרידור,1913,Full,4
484,אליהו מרידור,1914,Full,4
485,מרדכי נורוק,1884,Full,4
486,אליאס נח'לה,1913,Full,4
487,נחום ניר,1884,Full,4
488,מרדכי נמיר,1897,Full,4
489,משה נסים,1935,Full,4
490,דבורה נצר,1897,Full,4
491,יזהר סמילנסקי,1916,Full,4
492,משה סנה,1909,Partial,4
493,טובה סנהדראי,1906,Full,4
494,יוסף ספיר,1902,Full,4
495,פנחס ספיר,1906,Full,4
496,משה סרדינס,1917,Full,4
497,יוסף סרלין,1906,Full,4
498,יוסף פישר,1920,Full,4
499,מנחם פרוש,1916,Full,4
500,שמעון פרס,1923,Full,4
501,דוד פתל,1921,Full,4
502,רחל צברי,1909,Full,4
503,חיים יוסף צדוק,1913,Full,4
504,צבי צימרמן,1913,Full,4
505,משה קול,1911,Full,4
506,יצחק קורן,1911,Full,4
507,יוסף קושניר,1900,Partial,4
508,ישראל קרגמן,1906,Full,4
509,חנן רובין,1908,Full,4
510,פנחס רוזן,1887,Full,4
511,אסתר רזיאל-נאור,1911,Full,4
512,אלימלך שמעון רימלט,1907,Full,4
513,יעקב ריפתין,1907,Full,4
514,יצחק רפאל,1914,Full,4
515,אליעזר שוסטק,1911,Full,4
516,יוסף שופמן,1903,Full,4
517,שמואל שורש,1913,Full,4
518,בנימין שחור,1916,Full,4
519,בכור שלום שטרית,1895,Full,4
520,שבתאי שיכמן,1915,Full,4
521,חיים משה שפירא,1902,Full,4
522,משה שרת,1894,Full,4
523,אמה תלמי,1906,Full,4
524,אבא אבן,1915,Full,5
525,בנימין אבניאל,1906,Full,5
526,שניאור זלמן אברמוב,1908,Full,5
527,אחמד א-ד'אהר,1906,Full,5
528,משה אונא,1902,Full,5
529,ברוך אזניה,1905,Full,5
530,בבה אידלסון,1885,Full,5
531,יגאל אלון,1918,Full,5
532,אריה אלטמן,1902,Full,5
533,יוסף-אהרן אלמוגי,1910,Full,5
534,ארי אנקוריון,1908,Partial,5
535,עמי אסף,1903,Partial,5
536,יוסף אפרתי,1897,Full,5
537,מאיר ארגוב,1905,Partial,5
538,בנימין ארדיטי,1897,Full,5
539,משה ארם,1896,Partial,5
540,זלמן ארן,1899,Full,5
541,לוי אשכול,1895,Full,5
542,מנחם בגין,1913,Full,5
543,יוחנן בדר,1905,Full,5
544,יוסף בורג,1909,Full,5
545,מרדכי ביבי,1922,Full,5
546,יצחק בן-אהרן,1906,Partial,5
547,אריה בן-אליעזר,1913,Full,5
548,דוד בן-גוריון,1886,Full,5
549,מרדכי בנטוב,1900,Full,5
550,גדעון בן-ישראל,1923,Partial,5
551,שלמה ישראל בן-מאיר,1910,Full,5
552,אהרן בקר,1905,Full,5
553,הרצל ברגר,1904,Partial,5
554,ישראל ברזילי,1913,Full,5
555,ישראל בר-יהודה,1895,Partial,5
556,פרץ ברנשטיין,1890,Full,5
557,משה ברעם,1911,Full,5
558,דוד בר-רב-האי,1894,Full,5
559,חליל-סלים ג'בארה,1913,Partial,5
560,עקיבא גוברין,1902,Full,5
561,אהרן גולדשטיין,1902,Partial,5
562,יצחק גולן,1912,Full,5
563,ישראל גורי,1893,Full,5
564,ישראל גלילי,1911,Full,5
565,שלמה יעקב גרוס,1908,Full,5
566,אהרן יעקב גרינברג,1900,Partial,5
567,עמוס דגני,1926,Full,5
568,משה דיין,1915,Full,5
569,אברהם דרורי,1919,Partial,5
570,דוד הכהן,1898,Full,5
571,רות הקטין,1901,Full,5
572,אברהם הרצפלד,1891,Full,5
573,יזהר הררי,1908,Full,5
574,אסתר וילנסקה,1918,Full,5
575,מאיר וילנר,1918,Partial,5
576,זרח ורהפטיג,1906,Full,5
577,פריג'א זוארץ,1907,Full,5
578,מרדכי זר,1914,Partial,5
579,אמיל חביבי,1922,Partial,5
580,יעקב חזן,1899,Full,5
581,יעקב מיכאל חזני,1913,Full,5
582,יוסוף ח'מיס,1921,Full,5
583,אשר חסין,1918,Full,5
584,ז'ניה טברסקי,1904,Partial,5
585,תופיק טובי,1922,Full,5
586,אברהם טיאר,1928,Full,5
587,אהרן ידלין,1926,Partial,5
588,גיורא יוספטל,1912,Partial,5
589,מאיר יערי,1897,Full,5
590,ישראל ישעיהו-שרעבי,1908,Full,5
591,יעקב כ”ץ,1906,Full,5
592,אידוב כהן,1909,Partial,5
593,בנו כהן,1894,Full,5
594,מנחם כהן,1922,Full,5
595,קלמן כהנא,1910,Full,5
596,רחל כהן-כגן,1888,Full,5
597,חיים כהן-מגורי,1913,Full,5
598,יונה כסה,1907,Full,5
599,משה כרמל,1911,Full,5
600,קדיש לוז,1895,Full,5
601,יצחק מאיר לוין,1893,Full,5
602,נחום לוין,1905,Full,5
603,שלמה לורינץ,1918,Full,5
604,חנה למדן,1905,Partial,5
605,חיים לנדאו,1916,Full,5
606,גולדה מאיר,1898,Full,5
607,ג'בר מועדי,1919,Full,5
608,שמואל מיקוניס,1903,Full,5
609,יעקב מרידור,1913,Full,5
610,אליהו מרידור,1914,Full,5
611,מרדכי נורוק,1884,Partial,5
612,אליאס נח'לה,1913,Full,5
613,נחום ניר,1884,Full,5
614,מרדכי נמיר,1897,Full,5
615,דבורה נצר,1897,Full,5
616,יזהר סמילנסקי,1916,Full,5
617,משה סנה,1909,Full,5
618,טובה סנהדראי,1906,Full,5
619,יוסף ספיר,1902,Full,5
620,פנחס ספיר,1906,Full,5
621,משה סרדינס,1917,Full,5
622,יוסף סרלין,1906,Full,5
623,דיאב עוביד,1911,Full,5
624,ברוך עוזיאל,1901,Full,5
625,יוסף פישר,1920,Full,5
626,מנחם פרוש,1916,Full,5
627,שלמה פרלשטיין,1902,Full,5
628,שמעון פרס,1923,Full,5
629,דוד פתל,1921,Full,5
630,רחל צברי,1909,Full,5
631,חיים יוסף צדוק,1913,Full,5
632,צבי צימרמן,1913,Full,5
633,משה קול,1911,Full,5
634,יצחק קורן,1911,Full,5
635,יוסף קושניר,1900,Partial,5
636,יצחק הנס קלינגהופר,1905,Full,5
637,משה קלמר,1901,Partial,5
638,ישראל קרגמן,1906,Full,5
639,יוסף קרמרמן,1926,Partial,5
640,חנן רובין,1908,Partial,5
641,פנחס רוזן,1887,Full,5
642,אסתר רזיאל-נאור,1911,Full,5
643,אלימלך שמעון רימלט,1907,Full,5
644,יעקב ריפתין,1907,Full,5
645,יצחק רפאל,1914,Full,5
646,שלום אברהם שאקי,1906,Partial,5
647,אליעזר שוסטק,1911,Full,5
648,יוסף שופמן,1903,Full,5
649,שמואל שורש,1913,Full,5
650,בנימין שחור,1916,Full,5
651,בכור שלום שטרית,1895,Full,5
652,שבתאי שיכמן,1915,Full,5
653,ויקטור שם-טוב,1915,Full,5
654,יהודה שערי,1920,Full,5
655,חיים משה שפירא,1902,Full,5
656,משה שרת,1894,Partial,5
657,אמה תלמי,1906,Full,5
658,אבא אבן,1915,Full,6
659,בנימין אבניאל,1906,Full,6
660,אורי אבנרי,1923,Full,6
661,שניאור זלמן אברמוב,1908,Full,6
662,אהרן אוזן,1924,Full,6
663,משה אונא,1902,Full,6
664,סיף א-דין א-זועבי,1913,Full,6
665,עבד אל-עזיז א-זועבי,1926,Full,6
666,ברוך אזניה,1905,Full,6
667,יגאל אלון,1918,Full,6
668,שולמית אלוני,1928,Full,6
669,אריה לובה אליאב,1921,Full,6
670,נסים אליעד,1919,Partial,6
671,יוסף-אהרן אלמוגי,1910,Full,6
672,ארי אנקוריון,1908,Partial,6
673,שושנה ארבלי-אלמוזלינו,1926,Partial,6
674,ראובן ארזי,1907,Full,6
675,משה ארם,1896,Full,6
676,זלמן ארן,1899,Full,6
677,לוי אשכול,1895,Partial,6
678,מנחם בגין,1913,Full,6
679,יוחנן בדר,1905,Full,6
680,אריה בהיר,1906,Partial,6
681,יוסף בורג,1909,Full,6
682,מרדכי ביבי,1922,Full,6
683,אברהם ביטון,1923,Full,6
684,אריה בן-אליעזר,1913,Full,6
685,דוד בן-גוריון,1886,Full,6
686,שלמה ישראל בן-מאיר,1910,Full,6
687,מרדכי בן-פורת,1923,Full,6
688,אהרן בקר,1905,Full,6
689,משה ברעם,1911,Full,6
690,ראובן ברקת,1906,Full,6
691,חיים גבתי,1901,Partial,6
692,עקיבא גוברין,1902,Full,6
693,אהרן גולדשטיין,1902,Full,6
694,דוד גולומב,1933,Partial,6
695,יצחק גולן,1912,Partial,6
696,מטילדה גז,1918,Full,6
697,ישראל גלילי,1911,Full,6
698,שלמה יעקב גרוס,1908,Full,6
699,עמוס דגני,1926,Partial,6
700,שבתאי דון-יחיא,1909,Partial,6
701,משה דיין,1915,Full,6
702,צבי דינשטיין,1926,Full,6
703,גדעון האוזנר,1915,Full,6
704,דוד הכהן,1898,Full,6
705,רות הקטין,1901,Full,6
706,יזהר הררי,1908,Full,6
707,מאיר וילנר,1918,Full,6
708,אברהם ורדיגר,1921,Partial,6
709,זרח ורהפטיג,1906,Full,6
710,משה ורטמן,1924,Partial,6
711,פריג'א זוארץ,1907,Partial,6
712,מרדכי זר,1914,Full,6
713,אמיל חביבי,1922,Full,6
714,יעקב חזן,1899,Full,6
715,יעקב מיכאל חזני,1913,Full,6
716,אשר חסין,1918,Full,6
717,תופיק טובי,1922,Full,6
718,אברהם טיאר,1928,Full,6
719,מנחם ידיד,1918,Full,6
720,אהרן ידלין,1926,Full,6
721,מאיר יערי,1897,Full,6
722,ישראל ישעיהו-שרעבי,1908,Full,6
723,יעקב כ”ץ,1906,Partial,6
724,גבריאל כהן,1928,Full,6
725,מנחם כהן,1922,Full,6
726,קלמן כהנא,1910,Full,6
727,חיים כהן-מגורי,1913,Full,6
728,שלמה כהן-צידון,1923,Partial,6
729,משה כרמל,1911,Partial,6
730,קדיש לוז,1895,Full,6
731,דניאל יצחק לוי,1917,Full,6
732,יצחק מאיר לוין,1893,Full,6
733,שלמה לורינץ,1918,Full,6
734,אמנון לין,1924,Partial,6
735,חיים לנדאו,1916,Full,6
736,גולדה מאיר,1898,Full,6
737,ג'בר מועדי,1919,Full,6
738,שמואל מיקוניס,1903,Full,6
739,יעקב מרידור,1913,Full,6
740,אליהו מרידור,1914,Partial,6
741,יצחק נבון,1921,Full,6
742,אליאס נח'לה,1913,Full,6
743,מרדכי נמיר,1897,Full,6
744,דבורה נצר,1897,Full,6
745,דוב סדן,1902,Partial,6
746,מרדכי סורקיס,1908,Full,6
747,יזהר סמילנסקי,1916,Partial,6
748,טובה סנהדראי,1906,Full,6
749,יוסף ספיר,1902,Full,6
750,פנחס ספיר,1906,Full,6
751,משה סרדינס,1917,Full,6
752,יוסף סרלין,1906,Full,6
753,דיאב עוביד,1911,Full,6
754,ברוך עוזיאל,1901,Full,6
755,מרדכי עופר,1924,Full,6
756,יוסף פישר,1920,Full,6
757,נתן פלד,1913,Full,6
758,מנחם פרוש,1916,Full,6
759,שלמה פרלשטיין,1902,Full,6
760,שמעון פרס,1923,Full,6
761,דוד פתל,1921,Full,6
762,רחל צברי,1909,Full,6
763,חיים יוסף צדוק,1913,Full,6
764,צבי צור,1923,Partial,6
765,זאב צור,1911,Full,6
766,צבי צימרמן,1913,Full,6
767,משה קול,1911,Partial,6
768,יצחק הנס קלינגהופר,1905,Full,6
769,ישראל קרגמן,1906,Full,6
770,יוסף קרמרמן,1926,Full,6
771,שלמה רוזן,1905,Full,6
772,פנחס רוזן,1887,Partial,6
773,אסתר רזיאל-נאור,1911,Full,6
774,אלימלך שמעון רימלט,1907,Full,6
775,יצחק רפאל,1914,Full,6
776,אליעזר שוסטק,1911,Full,6
777,יוסף שופמן,1903,Full,6
778,שמואל שורש,1913,Full,6
779,בנימין שחור,1916,Full,6
780,בכור שלום שטרית,1895,Partial,6
781,מרדכי חיים שטרן,1914,Full,6
782,ויקטור שם-טוב,1915,Full,6
783,יהודה שערי,1920,Full,6
784,חיים משה שפירא,1902,Full,6
785,זאב שרף,1906,Full,6
786,אליהו ששון,1902,Full,6
787,אמה תלמי,1906,Full,6
788,שמואל תמיר,1923,Full,6
789,יוסף תמיר,1915,Full,6
790,אבא אבן,1915,Full,7
791,בנימין אבניאל,1906,Full,7
792,אורי אבנרי,1923,Full,7
793,שניאור זלמן אברמוב,1908,Full,7
794,אהרן אוזן,1924,Full,7
795,משה אונא,1902,Full,7
796,סיף א-דין א-זועבי,1913,Full,7
797,עבד אל-עזיז א-זועבי,1926,Full,7
798,ברוך אזניה,1905,Full,7
799,יגאל אלון,1918,Full,7
800,שולמית אלוני,1928,Full,7
801,אריה לובה אליאב,1921,Full,7
802,נסים אליעד,1919,Partial,7
803,יוסף-אהרן אלמוגי,1910,Full,7
804,ארי אנקוריון,1908,Partial,7
805,שושנה ארבלי-אלמוזלינו,1926,Partial,7
806,ראובן ארזי,1907,Full,7
807,משה ארם,1896,Full,7
808,זלמן ארן,1899,Full,7
809,לוי אשכול,1895,Partial,7
810,מנחם בגין,1913,Full,7
811,יוחנן בדר,1905,Full,7
812,אריה בהיר,1906,Partial,7
813,יוסף בורג,1909,Full,7
814,מרדכי ביבי,1922,Full,7
815,אברהם ביטון,1923,Full,7
816,אריה בן-אליעזר,1913,Full,7
817,דוד בן-גוריון,1886,Full,7
818,שלמה ישראל בן-מאיר,1910,Full,7
819,מרדכי בן-פורת,1923,Full,7
820,אהרן בקר,1905,Full,7
821,משה ברעם,1911,Full,7
822,ראובן ברקת,1906,Full,7
823,חיים גבתי,1901,Partial,7
824,עקיבא גוברין,1902,Full,7
825,אהרן גולדשטיין,1902,Full,7
826,דוד גולומב,1933,Partial,7
827,יצחק גולן,1912,Partial,7
828,מטילדה גז,1918,Full,7
829,ישראל גלילי,1911,Full,7
830,שלמה יעקב גרוס,1908,Full,7
831,עמוס דגני,1926,Partial,7
832,שבתאי דון-יחיא,1909,Partial,7
833,משה דיין,1915,Full,7
834,צבי דינשטיין,1926,Full,7
835,גדעון האוזנר,1915,Full,7
836,דוד הכהן,1898,Full,7
837,רות הקטין,1901,Full,7
838,יזהר הררי,1908,Full,7
839,מאיר וילנר,1918,Full,7
840,אברהם ורדיגר,1921,Partial,7
841,זרח ורהפטיג,1906,Full,7
842,משה ורטמן,1924,Partial,7
843,פריג'א זוארץ,1907,Partial,7
844,מרדכי זר,1914,Full,7
845,אמיל חביבי,1922,Full,7
846,יעקב חזן,1899,Full,7
847,יעקב מיכאל חזני,1913,Full,7
848,אשר חסין,1918,Full,7
849,תופיק טובי,1922,Full,7
850,אברהם טיאר,1928,Full,7
851,מנחם ידיד,1918,Full,7
852,אהרן ידלין,1926,Full,7
853,מאיר יערי,1897,Full,7
854,ישראל ישעיהו-שרעבי,1908,Full,7
855,יעקב כ”ץ,1906,Partial,7
856,גבריאל כהן,1928,Full,7
857,מנחם כהן,1922,Full,7
858,קלמן כהנא,1910,Full,7
859,חיים כהן-מגורי,1913,Full,7
860,שלמה כהן-צידון,1923,Partial,7
861,משה כרמל,1911,Partial,7
862,קדיש לוז,1895,Full,7
863,דניאל יצחק לוי,1917,Full,7
864,יצחק מאיר לוין,1893,Full,7
865,שלמה לורינץ,1918,Full,7
866,אמנון לין,1924,Partial,7
867,חיים לנדאו,1916,Full,7
868,גולדה מאיר,1898,Full,7
869,ג'בר מועדי,1919,Full,7
870,שמואל מיקוניס,1903,Full,7
871,יעקב מרידור,1913,Full,7
872,אליהו מרידור,1914,Partial,7
873,יצחק נבון,1921,Full,7
874,אליאס נח'לה,1913,Full,7
875,מרדכי נמיר,1897,Full,7
876,דבורה נצר,1897,Full,7
877,דוב סדן,1902,Partial,7
878,מרדכי סורקיס,1908,Full,7
879,יזהר סמילנסקי,1916,Partial,7
880,טובה סנהדראי,1906,Full,7
881,יוסף ספיר,1902,Full,7
882,פנחס ספיר,1906,Full,7
883,משה סרדינס,1917,Full,7
884,יוסף סרלין,1906,Full,7
885,דיאב עוביד,1911,Full,7
886,ברוך עוזיאל,1901,Full,7
887,מרדכי עופר,1924,Full,7
888,יוסף פישר,1920,Full,7
889,נתן פלד,1913,Full,7
890,מנחם פרוש,1916,Full,7
891,שלמה פרלשטיין,1902,Full,7
892,שמעון פרס,1923,Full,7
893,דוד פתל,1921,Full,7
894,רחל צברי,1909,Full,7
895,חיים יוסף צדוק,1913,Full,7
896,צבי צור,1923,Partial,7
897,זאב צור,1911,Full,7
898,צבי צימרמן,1913,Full,7
899,משה קול,1911,Partial,7
900,יצחק הנס קלינגהופר,1905,Full,7
901,ישראל קרגמן,1906,Full,7
902,יוסף קרמרמן,1926,Full,7
903,שלמה רוזן,1905,Full,7
904,פנחס רוזן,1887,Partial,7
905,אסתר רזיאל-נאור,1911,Full,7
906,אלימלך שמעון רימלט,1907,Full,7
907,יצחק רפאל,1914,Full,7
908,אליעזר שוסטק,1911,Full,7
909,יוסף שופמן,1903,Full,7
910,שמואל שורש,1913,Full,7
911,בנימין שחור,1916,Full,7
912,בכור שלום שטרית,1895,Partial,7
913,מרדכי חיים שטרן,1914,Full,7
914,ויקטור שם-טוב,1915,Full,7
915,יהודה שערי,1920,Full,7
916,חיים משה שפירא,1902,Full,7
917,זאב שרף,1906,Full,7
918,אליהו ששון,1902,Full,7
919,אמה תלמי,1906,Full,7
920,שמואל תמיר,1923,Full,7
921,יוסף תמיר,1915,Full,7
922,אהרן אבוחצירא,1938,Full,8
923,חמאד אבו-רביעה,1929,Full,8
924,אליעזר אבטבי,1938,Full,8
925,אבא אבן,1915,Full,8
926,שניאור זלמן אברמוב,1908,Full,8
927,יהודה מאיר אברמוביץ,1915,Full,8
928,אהוד אולמרט,1945,Full,8
929,סיף א-דין א-זועבי,1913,Full,8
930,עבד אל-עזיז א-זועבי,1926,Partial,8
931,צבי אלדרוטי,1934,Partial,8
932,יגאל אלון,1918,Full,8
933,שולמית אלוני,1928,Full,8
934,אריה לובה אליאב,1921,Full,8
935,נסים אליעד,1919,Partial,8
936,יוסף-אהרן אלמוגי,1910,Full,8
937,עדיאל אמוראי,1934,Full,8
938,יעקב ז`אק אמיר,1933,Partial,8
939,ארי אנקוריון,1908,Full,8
940,אהרון אפרת,1911,Full,8
941,שושנה ארבלי-אלמוזלינו,1926,Full,8
942,יורם ארידור,1933,Full,8
943,שמחה ארליך,1915,Full,8
944,משה ארנס,1925,Full,8
945,ידידיה בארי,1931,Full,8
946,מנחם בגין,1913,Full,8
947,יוחנן בדר,1905,Full,8
948,יוסף בורג,1909,Full,8
949,יצחק בן-אהרן,1906,Full,8
950,יהודה בן-מאיר,1939,Full,8
951,מרדכי בן-פורת,1923,Full,8
952,משה ברעם,1911,Full,8
953,יצחק גולן,1912,Partial,8
954,מטילדה גז,1918,Full,8
955,אברהם גיבלבר,1910,Full,8
956,ישראל גלילי,1911,Full,8
957,שלמה יעקב גרוס,1908,Partial,8
958,חייקה גרוסמן-אורקין,1919,Full,8
959,פסח גרופר,1924,Full,8
960,צבי גרשוני,1915,Partial,8
961,משה דיין,1915,Full,8
962,ליאון דיציאן,1911,Full,8
963,מתתיהו דרובלס,1931,Full,8
964,יהודה דרניצקי,1910,Full,8
965,גדעון האוזנר,1915,Partial,8
966,עמוס הדר,1923,Partial,8
967,יגאל הורביץ,1918,Full,8
968,מנחם הכהן,1932,Full,8
969,בנימין הלוי,1910,Partial,8
970,שלמה הלל,1923,Full,8
971,זבולון המר,1936,Full,8
972,אסתר הרליץ,1921,Full,8
973,מאיר וילנר,1918,Full,8
974,אברהם ורדיגר,1921,Full,8
975,זרח ורהפטיג,1906,Full,8
976,משה ורטמן,1924,Full,8
977,תאופיק זיאד,1929,Full,8
978,הלל זיידל,1920,Full,8
979,אברהם זילברברג,1915,Full,8
980,דב זכין,1922,Full,8
981,יעקב מיכאל חזני,1913,Partial,8
982,בן-ציון חלפון,1930,Full,8
983,מיכאל חריש,1936,Full,8
984,תופיק טובי,1922,Full,8
985,מנחם ידיד,1918,Full,8
986,אהרן ידלין,1926,Full,8
987,סנטה יוספטל,1912,Partial,8
988,גד יעקבי,1935,Full,8
989,אביעד יפה,1923,Full,8
990,אברהם יפה,1913,Full,8
991,אהרן יריב,1920,Partial,8
992,ישראל ישעיהו-שרעבי,1908,Full,8
993,גאולה כהן,1925,Full,8
994,יגאל כהן,1928,Partial,8
995,קלמן כהנא,1910,Full,8
996,מאיר כהן-אבידב,1926,Full,8
997,אברהם כץ,1931,Full,8
998,משה כרמל,1911,Full,8
999,אברהם לבנבראון,1916,Full,8
1000,איתן לבני,1919,Full,8
1001,דוד לוי,1937,Full,8
1002,שלום לוין,1916,Full,8
1003,שלמה לורינץ,1918,Full,8
1004,אמנון לין,1924,Full,8
1005,ציטה לינקר,1917,Partial,8
1006,חיים לנדאו,1916,Full,8
1007,יחיאל לקט,1941,Partial,8
1008,גולדה מאיר,1898,Partial,8
1009,בועז מואב,1938,Full,8
1010,יצחק מודעי,1926,Full,8
1011,אליהו מויאל,1920,Full,8
1012,ג'בר מועדי,1919,Full,8
1013,אברהם מלמד,1921,Full,8
1014,יצחק נבון,1921,Full,8
1015,עקיבא נוף,1936,Partial,8
1016,אורה נמיר,1930,Full,8
1017,משה נסים,1935,Full,8
1018,אמל נסראלדין,1928,Partial,8
1019,פנחס ספיר,1906,Partial,8
1020,אברהם עופר,1922,Partial,8
1021,עוזי פיינרמן,1924,Partial,8
1022,יחזקאל פלומין,1935,Full,8
1023,מאיר פעיל,1926,Full,8
1024,מנחם פרוש,1916,Partial,8
1025,מרשה פרידמן,1938,Full,8
1026,שמחה פרידמן,1911,Partial,8
1027,יעקב פרנק,1913,Partial,8
1028,שמעון פרס,1923,Full,8
1029,יצחק פרץ,1936,Full,8
1030,גדעון פת,1933,Full,8
1031,חיים יוסף צדוק,1913,Full,8
1032,משה קול,1911,Partial,8
1033,חיים קופמן,1934,Partial,8
1034,דוד קורן,1917,Full,8
1035,חיים קורפו,1921,Full,8
1036,נוזהת קצב,1932,Full,8
1037,ישראל קרגמן,1906,Full,8
1038,יוסף קרמרמן,1926,Full,8
1039,בן-ציון קשת,1914,Full,8
1040,יצחק רבין,1922,Full,8
1041,אליעזר רונן,1931,Full,8
1042,אלימלך שמעון רימלט,1907,Full,8
1043,יצחק רפאל,1914,Full,8
1044,זלמן שובל,1930,Full,8
1045,אליעזר שוסטק,1911,Full,8
1046,משה שחל,1934,Full,8
1047,פנחס שינמן,1912,Full,8
1048,אברהם שכטרמן,1910,Full,8
1049,יצחק שמיר,1915,Full,8
1050,חביב שמעוני,1933,Partial,8
1051,יהודה שערי,1920,Full,8
1052,אריאל שרון,1928,Partial,8
1053,יוסי שריד,1940,Full,8
1054,מאיר תלמי,1909,Full,8
1055,שמואל תמיר,1923,Partial,8
1056,יוסף תמיר,1915,Full,8
1057,אהרן אבוחצירא,1938,Full,9
1058,חמאד אבו-רביעה,1929,Partial,9
1059,אליעזר אבטבי,1938,Full,9
1060,אבא אבן,1915,Full,9
1061,אורי אבנרי,1923,Partial,9
1062,יהודה מאיר אברמוביץ,1915,Full,9
1063,אהוד אולמרט,1945,Full,9
1064,סיף א-דין א-זועבי,1913,Partial,9
1065,מרדכי אלגרבלי,1944,Full,9
1066,יגאל אלון,1918,Partial,9
1067,שולמית אלוני,1928,Full,9
1068,אריה לובה אליאב,1921,Partial,9
1069,שלמה אליהו,1936,Partial,9
1070,עדיאל אמוראי,1934,Full,9
1071,יעקב ז`אק אמיר,1933,Full,9
1072,שפיק אסעד,1937,Full,9
1073,שושנה ארבלי-אלמוזלינו,1926,Full,9
1074,יורם ארידור,1933,Full,9
1075,שמחה ארליך,1915,Full,9
1076,משה ארנס,1925,Full,9
1077,תמר אשל,1920,Full,9
1078,מנחם בגין,1913,Full,9
1079,אליקים-גוסטב בדיאן,1925,Full,9
1080,יוסף בורג,1909,Full,9
1081,צ'רלי-שלום ביטון,1947,Full,9
1082,יהודה בן-מאיר,1939,Full,9
1083,חיים בר-לב,1924,Full,9
1084,יצחק ברמן,1913,Full,9
1085,עוזי ברעם,1937,Full,9
1086,דוד גולומב,1933,Full,9
1087,דוד גלס,1936,Full,9
1088,שלמה יעקב גרוס,1908,Full,9
1089,חייקה גרוסמן-אורקין,1919,Full,9
1090,פסח גרופר,1924,Full,9
1091,שרה דורון,1922,Full,9
1092,משה דיין,1915,Full,9
1093,מיכאל דקל,1920,Full,9
1094,חיים דרוקמן,1932,Full,9
1095,גדעון האוזנר,1915,Full,9
1096,עמוס הדר,1923,Full,9
1097,יגאל הורביץ,1918,Full,9
1098,מנחם הכהן,1932,Full,9
1099,בנימין הלוי,1910,Full,9
1100,שלמה הלל,1923,Full,9
1101,זבולון המר,1936,Full,9
1102,אסתר הרליץ,1921,Partial,9
1103,מאיר וילנר,1918,Full,9
1104,עזר ויצמן,1924,Full,9
1105,מרדכי וירשובסקי,1930,Full,9
1106,זרח ורהפטיג,1906,Full,9
1107,זאב ורטהיימר,1926,Partial,9
1108,מאיר זורע,1923,Partial,9
1109,תאופיק זיאד,1929,Full,9
1110,הלל זיידל,1920,Full,9
1111,יחזקאל זכאי,1932,Full,9
1112,ווליד חאג' יחיא,1936,Partial,9
1113,מיכאל חריש,1936,Full,9
1114,יהודה חשאי,1934,Partial,9
1115,תופיק טובי,1922,Full,9
1116,שמואל טולידנו,1921,Full,9
1117,אסף יגורי,1931,Full,9
1118,יגאל ידין,1917,Full,9
1119,אהרן ידלין,1926,Partial,9
1120,גד יעקבי,1935,Full,9
1121,יצחק יצחקי,1936,Full,9
1122,אברהם כ”ץ-עוז,1934,Partial,9
1123,גאולה כהן,1925,Full,9
1124,יגאל כהן,1928,Full,9
1125,קלמן כהנא,1910,Full,9
1126,מאיר כהן-אבידב,1926,Full,9
1127,יגאל כהן-אורגד,1937,Full,9
1128,אברהם כץ,1931,Full,9
1129,זאב כץ,1923,Partial,9
1130,אברהם לבנבראון,1916,Partial,9
1131,איתן לבני,1919,Full,9
1132,דוד לוי,1937,Full,9
1133,סטלה לוי,1924,Partial,9
1134,שלמה לורינץ,1918,Full,9
1135,אמנון לין,1924,Full,9
1136,יצחק מודעי,1926,Full,9
1137,חנא מוויס,1913,Partial,9
1138,אליהו מויאל,1920,Full,9
1139,ג'בר מועדי,1919,Partial,9
1140,רוני מילוא,1949,Full,9
1141,אברהם מלמד,1921,Full,9
1142,משה מרון,1926,Full,9
1143,סעדיה מרציאנו,1950,Partial,9
1144,ירוחם משל,1912,Full,9
1145,יצחק נבון,1921,Partial,9
1146,עקיבא נוף,1936,Full,9
1147,אורה נמיר,1930,Full,9
1148,משה נסים,1935,Full,9
1149,אמל נסראלדין,1928,Full,9
1150,מנחם סבידור,1917,Full,9
1151,זיידאן עטשי,1940,Full,9
1152,משה עמאר,1922,Full,9
1153,מאיר עמית,1921,Full,9
1154,נפתלי פדר,1920,Full,9
1155,שמואל פלאטו-שרון,1930,Full,9
1156,יחזקאל פלומין,1935,Full,9
1157,מאיר פעיל,1926,Partial,9
1158,מנחם פרוש,1916,Full,9
1159,שמעון פרס,1923,Full,9
1160,יצחק פרץ,1936,Full,9
1161,גדעון פת,1933,Full,9
1162,חיים יוסף צדוק,1913,Partial,9
1163,מרדכי צפורי,1924,Full,9
1164,חיים קופמן,1934,Full,9
1165,חיים קורפו,1921,Full,9
1166,משה קצב,1945,Full,9
1167,יצחק רבין,1922,Full,9
1168,יהושע רבינוביץ',1911,Partial,9
1169,בן-ציון רובין,1939,Full,9
1170,אמנון רובינשטיין,1931,Full,9
1171,דניאל רוזוליו,1927,Full,9
1172,יוסף רום,1932,Full,9
1173,אמרי רון,1936,Partial,9
1174,שמואל רכטמן,1924,Partial,9
1175,זלמן שובל,1930,Full,9
1176,אליעזר שוסטק,1911,Full,9
1177,משה שחל,1934,Full,9
1178,דוד שטרן,1910,Partial,9
1179,שרה שטרן-קטן,1919,Full,9
1180,דב שילנסקי,1924,Full,9
1181,פנחס שינמן,1912,Full,9
1182,יצחק שמיר,1915,Full,9
1183,משה שמיר,1921,Full,9
1184,אליהו שפייזר,1930,Full,9
1185,אריאל שרון,1928,Full,9
1186,יוסי שריד,1940,Full,9
1187,אברהם שריר,1932,Full,9
1188,מאיר תלמי,1909,Full,9
1189,שמואל תמיר,1923,Full,9
1190,יוסף תמיר,1915,Full,9
1191,אהרן אבוחצירא,1938,Full,10
1192,אליעזר אבטבי,1938,Full,10
1193,אבא אבן,1915,Full,10
1194,רפאל אדרי,1937,Full,10
1195,אהרן אוזן,1924,Full,10
1196,אהוד אולמרט,1945,Full,10
1197,שולמית אלוני,1928,Full,10
1198,עדיאל אמוראי,1934,Full,10
1199,יעקב ז`אק אמיר,1933,Full,10
1200,שושנה ארבלי-אלמוזלינו,1926,Full,10
1201,נאוה ארד,1938,Full,10
1202,יורם ארידור,1933,Full,10
1203,שמחה ארליך,1915,Partial,10
1204,משה ארנס,1925,Partial,10
1205,תמר אשל,1920,Full,10
1206,מנחם בגין,1913,Full,10
1207,יוסף בורג,1909,Full,10
1208,צ'רלי-שלום ביטון,1947,Full,10
1209,נפתלי בלומנטל,1922,Full,10
1210,אליהו בן-אלישר,1932,Full,10
1211,דב בן-מאיר,1927,Full,10
1212,יהודה בן-מאיר,1939,Full,10
1213,מרדכי בן-פורת,1923,Full,10
1214,מיכאל בר-זוהר,1938,Full,10
1215,חיים בר-לב,1924,Full,10
1216,יצחק ברמן,1913,Full,10
1217,עוזי ברעם,1937,Full,10
1218,פנחס גולדשטיין,1939,Full,10
1219,מרדכי גור,1930,Full,10
1220,יעקב גיל,1931,Full,10
1221,מרים גלזר-תעסה,1929,Full,10
1222,פסח גרופר,1924,Full,10
1223,אלעזר גרנות,1927,Full,10
1224,שרה דורון,1922,Full,10
1225,משה דיין,1915,Partial,10
1226,מיכאל דקל,1920,Full,10
1227,חיים דרוקמן,1932,Full,10
1228,יגאל הורביץ,1918,Partial,10
1229,אברהם הירשזון,1941,Partial,10
1230,מנחם הכהן,1932,Full,10
1231,שלמה הלל,1923,Full,10
1232,שמואל הלפרט,1939,Full,10
1233,זבולון המר,1936,Full,10
1234,אהרן הראל,1932,Full,10
1235,חיים הרצוג,1918,Partial,10
1236,שבח וייס,1935,Full,10
1237,מאיר וילנר,1918,Full,10
1238,אריאל וינשטיין,1932,Partial,10
1239,מרדכי וירשובסקי,1930,Full,10
1240,מוחמד ותד,1937,Full,10
1241,תאופיק זיאד,1929,Full,10
1242,יצחק זיגר,1936,Full,10
1243,דרור זייגרמן,1948,Full,10
1244,יחזקאל זכאי,1932,Full,10
1245,דב זכין,1922,Full,10
1246,חמד חלאילה,1928,Full,10
1247,משה חריף,1933,Partial,10
1248,מיכאל חריש,1936,Full,10
1249,יהודה חשאי,1934,Full,10
1250,תופיק טובי,1922,Full,10
1251,גד יעקבי,1935,Full,10
1252,אברהם כ”ץ-עוז,1934,Full,10
1253,גאולה כהן,1925,Full,10
1254,יגאל כהן,1928,Full,10
1255,מאיר כהן-אבידב,1926,Full,10
1256,יגאל כהן-אורגד,1937,Full,10
1257,איתן לבני,1919,Full,10
1258,דוד לוי,1937,Full,10
1259,שלמה לורינץ,1918,Full,10
1260,אמנון לין,1924,Full,10
1261,דוד מגן,1945,Full,10
1262,יצחק מודעי,1926,Full,10
1263,רוני מילוא,1949,Full,10
1264,אברהם מלמד,1921,Full,10
1265,יעקב מרידור,1913,Full,10
1266,ירוחם משל,1912,Full,10
1267,יובל נאמן,1925,Full,10
1268,עקיבא נוף,1936,Full,10
1269,אהרן רפאל נחמיאס,1932,Full,10
1270,אריה נחמקין,1925,Full,10
1271,אורה נמיר,1930,Full,10
1272,משה נסים,1935,Full,10
1273,אמל נסראלדין,1928,Full,10
1274,רענן נעים,1935,Full,10
1275,אורי סבג,1931,Full,10
1276,מנחם סבידור,1917,Full,10
1277,רפאל סוויסה,1935,Full,10
1278,עדנה סולודר,1930,Partial,10
1279,נפתלי פדר,1920,Full,10
1280,חנן פורת,1943,Partial,10
1281,מנחם פרוש,1916,Full,10
1282,יהודה פרח,1924,Full,10
1283,שמעון פרס,1923,Full,10
1284,יצחק פרץ,1936,Full,10
1285,גדעון פת,1933,Full,10
1286,יאיר צבן,1930,Full,10
1287,יעקב צור,1937,Full,10
1288,מרדכי צפורי,1924,Full,10
1289,אליעזר קולס,1944,Full,10
1290,חיים קופמן,1934,Full,10
1291,חיים קורפו,1921,Full,10
1292,מיכאל קליינר,1948,Partial,10
1293,משה קצב,1945,Full,10
1294,יצחק רבין,1922,Full,10
1295,בן-ציון רובין,1939,Full,10
1296,אמנון רובינשטיין,1931,Full,10
1297,דניאל רוזוליו,1927,Partial,10
1298,יוסף רום,1932,Full,10
1299,אמרי רון,1936,Full,10
1300,נחמן רז,1924,Partial,10
1301,מיכאל רייסר,1946,Full,10
1302,חיים רמון,1950,Partial,10
1303,צבי רנר,1910,Full,10
1304,אליעזר שוסטק,1911,Full,10
1305,משה שחל,1934,Full,10
1306,מאיר שטרית,1947,Full,10
1307,צבי שילוח,1911,Partial,10
1308,דב שילנסקי,1924,Full,10
1309,דוד שיפמן,1923,Partial,10
1310,בני שליטא,1934,Full,10
1311,ויקטור שם-טוב,1915,Full,10
1312,יצחק שמיר,1915,Full,10
1313,אליהו שפייזר,1930,Full,10
1314,אברהם יוסף שפירא,1921,Full,10
1315,אריאל שרון,1928,Full,10
1316,יוסי שריד,1940,Full,10
1317,אברהם שריר,1932,Full,10
1318,דן תיכון,1937,Full,10
1319,אהרן אבוחצירא,1938,Full,11
1320,אבא אבן,1915,Full,11
1321,רפאל אדרי,1937,Full,11
1322,אהוד אולמרט,1945,Full,11
1323,מיכאל איתן,1944,Full,11
1324,רפאל איתן,1929,Full,11
1325,שולמית אלוני,1928,Full,11
1326,עדיאל אמוראי,1934,Partial,11
1327,יעקב ז`אק אמיר,1933,Full,11
1328,שושנה ארבלי-אלמוזלינו,1926,Full,11
1329,נאוה ארד,1938,Full,11
1330,יורם ארידור,1933,Full,11
1331,משה ארנס,1925,Full,11
1332,יצחק ארצי,1920,Full,11
1333,יוסף בורג,1909,Full,11
1334,צ'רלי-שלום ביטון,1947,Full,11
1335,בנימין בן-אליעזר,1936,Full,11
1336,אליהו בן-אלישר,1932,Full,11
1337,דב בן-מאיר,1927,Full,11
1338,שמעון בן-שלמה,1942,Full,11
1339,מרדכי בר-און,1928,Partial,11
1340,חיים בר-לב,1924,Full,11
1341,עוזי ברעם,1937,Full,11
1342,גדעון גדות,1941,Full,11
1343,פנחס גולדשטיין,1939,Full,11
1344,מרדכי גור,1930,Full,11
1345,יעקב גיל,1931,Partial,11
1346,מרים גלזר-תעסה,1929,Full,11
1347,חייקה גרוסמן-אורקין,1919,Full,11
1348,פסח גרופר,1924,Full,11
1349,אלעזר גרנות,1927,Full,11
1350,שרה דורון,1922,Full,11
1351,שמחה דיניץ,1929,Partial,11
1352,דוד דנינו,1924,Full,11
1353,מיכאל דקל,1920,Full,11
1354,עבד-אלוהאב דראושה,1943,Full,11
1355,חיים דרוקמן,1932,Full,11
1356,יגאל הורביץ,1918,Full,11
1357,מנחם הכהן,1932,Full,11
1358,שלמה הלל,1923,Full,11
1359,זבולון המר,1936,Full,11
1360,אהרן הראל,1932,Partial,11
1361,שבח וייס,1935,Full,11
1362,מאיר וילנר,1918,Full,11
1363,אריאל וינשטיין,1932,Full,11
1364,עזר ויצמן,1924,Full,11
1365,מרדכי וירשובסקי,1930,Full,11
1366,אליעזר ולדמן,1937,Full,11
1367,אברהם ורדיגר,1921,Full,11
1368,מוחמד ותד,1937,Full,11
1369,תאופיק זיאד,1929,Full,11
1370,יצחק זיגר,1936,Partial,11
1371,מיכאל חריש,1936,Full,11
1372,תופיק טובי,1922,Full,11
1373,יעקב יוסף,1946,Full,11
1374,גד יעקבי,1935,Full,11
1375,גדי יציב,1937,Partial,11
1376,אברהם כ”ץ-עוז,1934,Full,11
1377,גאולה כהן,1925,Full,11
1378,יגאל כהן,1928,Full,11
1379,רן כהן,1937,Full,11
1380,מאיר כהנא,1932,Full,11
1381,מאיר כהן-אבידב,1926,Full,11
1382,יגאל כהן-אורגד,1937,Full,11
1383,דוד לוי,1937,Full,11
1384,דוד ליבאי,1934,Full,11
1385,אוריאל לין,1935,Full,11
1386,אמנון לין,1924,Full,11
1387,עוזי לנדאו,1943,Full,11
1388,דוד מגן,1945,Full,11
1389,יצחק מודעי,1926,Full,11
1390,דוד מור,1946,Partial,11
1391,רוני מילוא,1949,Full,11
1392,מוחמד מיעארי,1939,Full,11
1393,יהושע מצא,1931,Full,11
1394,דן מרידור,1947,Full,11
1395,יובל נאמן,1925,Full,11
1396,יצחק נבון,1921,Full,11
1397,אהרן רפאל נחמיאס,1932,Full,11
1398,אריה נחמקין,1925,Full,11
1399,אורה נמיר,1930,Full,11
1400,משה נסים,1935,Full,11
1401,אמל נסראלדין,1928,Full,11
1402,אורי סבג,1931,Partial,11
1403,עדנה סולודר,1930,Full,11
1404,אמירה סרטני,1931,Full,11
1405,זיידאן עטשי,1940,Full,11
1406,עובדיה עלי,1945,Full,11
1407,שלמה עמר,1935,Full,11
1408,מתתיהו פלד,1923,Full,11
1409,רפאל פנחסי,1940,Full,11
1410,מנחם פרוש,1916,Full,11
1411,שמעון פרס,1923,Full,11
1412,יצחק פרץ,1936,Full,11
1413,יצחק חיים פרץ,1938,Full,11
1414,גדעון פת,1933,Full,11
1415,יאיר צבן,1930,Full,11
1416,דוד צוקר,1948,Partial,11
1417,יעקב צור,1937,Full,11
1418,אליעזר קולס,1944,Full,11
1419,חיים קופמן,1934,Full,11
1420,חיים קורפו,1921,Full,11
1421,ישראל קיסר,1931,Full,11
1422,משה קצב,1945,Full,11
1423,יצחק רבין,1922,Full,11
1424,אמנון רובינשטיין,1931,Full,11
1425,נחמן רז,1924,Full,11
1426,מיכאל רייסר,1946,Partial,11
1427,חיים רמון,1950,Full,11
1428,אבנר חי שאקי,1926,Full,11
1429,אברהם בייגה שוחט,1936,Partial,11
1430,אליעזר שוסטק,1911,Full,11
1431,משה שחל,1934,Full,11
1432,מאיר שטרית,1947,Full,11
1433,דב שילנסקי,1924,Full,11
1434,אפרים שלום,1934,Full,11
1435,בני שליטא,1934,Full,11
1436,יעקב שמאי,1940,Partial,11
1437,ויקטור שם-טוב,1915,Partial,11
1438,יצחק שמיר,1915,Full,11
1439,גרשון שפט,1927,Full,11
1440,אליהו שפייזר,1930,Full,11
1441,אברהם יוסף שפירא,1921,Full,11
1442,אריאל שרון,1928,Full,11
1443,יוסי שריד,1940,Full,11
1444,אברהם שריר,1932,Full,11
1445,דן תיכון,1937,Full,11
1446,אהרן אבוחצירא,1938,Full,12
1447,רפאל אדרי,1937,Full,12
1448,אהוד אולמרט,1945,Full,12
1449,חיים אורון,1940,Full,12
1450,מיכאל איתן,1944,Full,12
1451,רפאל איתן,1929,Full,12
1452,שולמית אלוני,1928,Full,12
1453,אריה לובה אליאב,1921,Full,12
1454,שושנה ארבלי-אלמוזלינו,1926,Full,12
1455,נאוה ארד,1938,Full,12
1456,משה ארנס,1925,Full,12
1457,זאב בנימין  בגין,1943,Full,12
1458,אברהם בורג,1955,Full,12
1459,יגאל ביבי,1942,Full,12
1460,צ'רלי-שלום ביטון,1947,Full,12
1461,יוסי ביילין,1948,Full,12
1462,בנימין בן-אליעזר,1936,Full,12
1463,אליהו בן-אלישר,1932,Full,12
1464,אלי בן-מנחם,1947,Full,12
1465,מיכאל בר-זוהר,1938,Full,12
1466,חיים בר-לב,1924,Full,12
1467,עוזי ברעם,1937,Full,12
1468,גדעון גדות,1941,Full,12
1469,תמר גוז'נסקי,1940,Partial,12
1470,יוסף גולדברג,1942,Full,12
1471,מיכה גולדמן,1948,Full,12
1472,פנחס גולדשטיין,1939,Full,12
1473,אפרים גור,1955,Full,12
1474,מרדכי גור,1930,Full,12
1475,גדליה גל,1933,Full,12
1476,אריה גמליאל,1951,Full,12
1477,משה גפני,1952,Full,12
1478,פסח גרופר,1924,Full,12
1479,שרה דורון,1922,Full,12
1480,אלי דיין,1949,Full,12
1481,שלמה דיין,1952,Full,12
1482,עבד-אלוהאב דראושה,1943,Full,12
1483,יגאל הורביץ,1918,Full,12
1484,שלמה הלל,1923,Full,12
1485,שמואל הלפרט,1939,Full,12
1486,זבולון המר,1936,Full,12
1487,צחי הנגבי,1957,Full,12
1488,אליקים העצני,1926,Partial,12
1489,שבח וייס,1935,Full,12
1490,מאיר וילנר,1918,Partial,12
1491,אריאל וינשטיין,1932,Full,12
1492,עזר ויצמן,1924,Partial,12
1493,מרדכי וירשובסקי,1930,Full,12
1494,אליעזר ולדמן,1937,Partial,12
1495,אברהם ורדיגר,1921,Full,12
1496,רחבעם זאבי,1926,Full,12
1497,תאופיק זיאד,1929,Partial,12
1498,עמנואל זיסמן,1935,Full,12
1499,מיכאל חריש,1936,Full,12
1500,תופיק טובי,1922,Partial,12
1501,סאלח טריף,1954,Partial,12
1502,גד יעקבי,1935,Full,12
1503,אברהם כ”ץ-עוז,1934,Full,12
1504,גאולה כהן,1925,Full,12
1505,יגאל כהן,1928,Partial,12
1506,רן כהן,1937,Full,12
1507,רענן כהן,1941,Full,12
1508,לימור לבנת,1950,Partial,12
1509,דוד לוי,1937,Full,12
1510,יאיר לוי,1952,Full,12
1511,יצחק לוי,1947,Full,12
1512,דוד ליבאי,1934,Full,12
1513,אוריאל לין,1935,Full,12
1514,עוזי לנדאו,1943,Full,12
1515,דוד מגן,1945,Full,12
1516,יצחק מודעי,1926,Full,12
1517,אליעזר מזרחי,1945,Full,12
1518,האשם מחאמיד,1945,Partial,12
1519,רוני מילוא,1949,Full,12
1520,מוחמד מיעארי,1939,Full,12
1521,חגי מירום,1946,Full,12
1522,נואף מסאלחה,1943,Full,12
1523,יהושע מצא,1931,Full,12
1524,דן מרידור,1947,Full,12
1525,יובל נאמן,1925,Partial,12
1526,יצחק נבון,1921,Full,12
1527,אורה נמיר,1930,Full,12
1528,משה נסים,1935,Full,12
1529,מוחמד נפאע,1940,Partial,12
1530,בנימין נתניהו,1949,Full,12
1531,עדנה סולודר,1930,Full,12
1532,יוסף עזרן,1941,Full,12
1533,עובדיה עלי,1945,Full,12
1534,שאול עמור,1940,Full,12
1535,חסיין פארס,1936,Full,12
1536,אברהם פורז,1945,Full,12
1537,חנן פורת,1943,Full,12
1538,משה זאב פלדמן,1930,Full,12
1539,רפאל פנחסי,1940,Full,12
1540,מנחם פרוש,1916,Full,12
1541,יהודה פרח,1924,Full,12
1542,שמעון פרס,1923,Full,12
1543,יצחק חיים פרץ,1938,Full,12
1544,עמיר פרץ,1952,Full,12
1545,גדעון פת,1933,Full,12
1546,יאיר צבן,1930,Full,12
1547,דוד צוקר,1948,Full,12
1548,יעקב צור,1937,Full,12
1549,יואש צידון,1926,Full,12
1550,חיים קופמן,1934,Partial,12
1551,חיים קורפו,1921,Partial,12
1552,ישראל קיסר,1931,Full,12
1553,מיכאל קליינר,1948,Partial,12
1554,משה קצב,1945,Full,12
1555,יצחק רבין,1922,Full,12
1556,אברהם רביץ,1934,Full,12
1557,אמנון רובינשטיין,1931,Full,12
1558,ראובן ריבלין,1939,Full,12
1559,חיים רמון,1950,Full,12
1560,אבנר חי שאקי,1926,Full,12
1561,יהושע שגיא,1933,Full,12
1562,זלמן שובל,1930,Partial,12
1563,אברהם בייגה שוחט,1936,Full,12
1564,משה שחל,1934,Full,12
1565,שמעון שטרית,1946,Full,12
1566,דב שילנסקי,1924,Full,12
1567,יעקב שמאי,1940,Full,12
1568,יצחק שמיר,1915,Full,12
1569,גרשון שפט,1927,Partial,12
1570,יאיר שפרינצק,1911,Full,12
1571,אריאל שרון,1928,Full,12
1572,יוסי שריד,1940,Full,12
1573,אברהם שריר,1932,Full,12
1574,דן תיכון,1937,Full,12
1575,שמואל אביטל,1951,Full,13
1576,רפאל אדרי,1937,Full,13
1577,אהוד אולמרט,1945,Full,13
1578,אורי אור,1939,Full,13
1579,חיים אורון,1940,Full,13
1580,יוסף אחימאיר,1943,Partial,13
1581,דליה איציק,1952,Full,13
1582,מיכאל איתן,1944,Full,13
1583,רפאל איתן,1929,Full,13
1584,רפאל אלול,1957,Full,13
1585,שולמית אלוני,1928,Full,13
1586,טלב אלסאנע,1960,Full,13
1587,אסעד אסעד,1944,Full,13
1588,נאוה ארד,1938,Partial,13
1589,יוסף בא-גד,1932,Full,13
1590,זאב בנימין  בגין,1943,Full,13
1591,פיני בדש,1952,Full,13
1592,שלמה בוחבוט,1942,Full,13
1593,אברהם בורג,1955,Partial,13
1594,יגאל ביבי,1942,Full,13
1595,יוסי ביילין,1948,Full,13
1596,נעמי בלומנטל,1943,Full,13
1597,בנימין בן-אליעזר,1936,Full,13
1598,אליהו בן-אלישר,1932,Full,13
1599,שלמה בניזרי,1961,Full,13
1600,אלי בן-מנחם,1947,Full,13
1601,עוזי ברעם,1937,Full,13
1602,תמר גוז'נסקי,1940,Full,13
1603,שאול גוטמן,1945,Full,13
1604,מיכה גולדמן,1948,Full,13
1605,אלכס גולדפרב,1947,Full,13
1606,אלי גולדשמידט,1953,Full,13
1607,אפרים גור,1955,Full,13
1608,מרדכי גור,1930,Partial,13
1609,גדליה גל,1933,Full,13
1610,אריה גמליאל,1951,Full,13
1611,משה גפני,1952,Partial,13
1612,אלי דיין,1949,Full,13
1613,חיים דיין,1960,Full,13
1614,יעל דיין,1939,Full,13
1615,עבד-אלוהאב דראושה,1943,Full,13
1616,אריה מכלוף דרעי,1959,Full,13
1617,אברהם הירשזון,1941,Full,13
1618,שמואל הלפרט,1939,Partial,13
1619,זבולון המר,1936,Full,13
1620,צחי הנגבי,1957,Full,13
1621,שבח וייס,1935,Full,13
1622,אריאל וינשטיין,1932,Partial,13
1623,יוסף ונונו,1945,Full,13
1624,אברהם ורדיגר,1921,Partial,13
1625,רחבעם זאבי,1926,Full,13
1626,נסים זוילי,1942,Full,13
1627,תאופיק זיאד,1929,Partial,13
1628,עמנואל זיסמן,1935,Full,13
1629,אליעזר זנדברג,1962,Full,13
1630,ווליד חאג' יחיא,1936,Full,13
1631,חנא חדד,1919,Partial,13
1632,נעמי חזן,1946,Full,13
1633,מיכאל חריש,1936,Full,13
1634,בנימין טמקין,1945,Full,13
1635,סאלח טריף,1954,Full,13
1636,שאול יהלום,1947,Full,13
1637,אברהם יחזקאל,1958,Full,13
1638,אברהם כ”ץ-עוז,1934,Partial,13
1639,רן כהן,1937,Full,13
1640,רענן כהן,1941,Full,13
1641,יוסי כץ,1949,Full,13
1642,לימור לבנת,1950,Full,13
1643,מאשה לובלסקי,1936,Full,13
1644,דוד לוי,1937,Full,13
1645,יצחק לוי,1947,Full,13
1646,דוד ליבאי,1934,Full,13
1647,עוזי לנדאו,1943,Full,13
1648,יורם לס,1945,Full,13
1649,ענת מאור,1945,Full,13
1650,משה מאיה,1938,Full,13
1651,דוד מגן,1945,Full,13
1652,האשם מחאמיד,1945,Full,13
1653,רוני מילוא,1949,Partial,13
1654,חגי מירום,1946,Full,13
1655,דוד מנע,1953,Full,13
1656,נואף מסאלחה,1943,Full,13
1657,יהושע מצא,1931,Full,13
1658,דן מרידור,1947,Full,13
1659,רון נחמן,1942,Full,13
1660,צבי ניר,1946,Partial,13
1661,אורה נמיר,1930,Partial,13
1662,משה נסים,1935,Full,13
1663,בנימין נתניהו,1949,Full,13
1664,סאלח סלים,1953,Partial,13
1665,אסתר סלמוביץ,1948,Full,13
1666,אפרים סנה,1944,Full,13
1667,יוסף עזרן,1941,Full,13
1668,עובדיה עלי,1945,Full,13
1669,שאול עמור,1940,Full,13
1670,אברהם פורז,1945,Full,13
1671,חנן פורת,1943,Full,13
1672,משה פלד,1945,Full,13
1673,רפאל פנחסי,1940,Full,13
1674,מנחם פרוש,1916,Partial,13
1675,שמעון פרס,1923,Full,13
1676,יצחק חיים פרץ,1938,Partial,13
1677,עמיר פרץ,1952,Full,13
1678,גדעון פת,1933,Full,13
1679,יאיר צבן,1930,Full,13
1680,דוד צוקר,1948,Full,13
1681,אביגדור קהלני,1944,Full,13
1682,חיים קופמן,1934,Partial,13
1683,ישראל קיסר,1931,Full,13
1684,משה קצב,1945,Full,13
1685,יצחק רבין,1922,Partial,13
1686,אברהם רביץ,1934,Partial,13
1687,אמנון רובינשטיין,1931,Full,13
1688,חיים רמון,1950,Full,13
1689,מיכאל רצון,1952,Partial,13
1690,אבנר חי שאקי,1926,Full,13
1691,גונן שגב,1956,Full,13
1692,גדעון שגיא,1939,Full,13
1693,אברהם בייגה שוחט,1936,Full,13
1694,פנחס שומר,1951,Partial,13
1695,משה שחל,1934,Full,13
1696,מאיר שטרית,1947,Full,13
1697,שמעון שטרית,1946,Full,13
1698,דב שילנסקי,1924,Full,13
1699,סילבן שלום,1958,Full,13
1700,יעקב שמאי,1940,Full,13
1701,יצחק שמיר,1915,Full,13
1702,יעקב שפי,1941,Full,13
1703,אברהם יוסף שפירא,1921,Full,13
1704,אריאל שרון,1928,Full,13
1705,יוסי שריד,1940,Full,13
1706,דן תיכון,1937,Full,13
1707,יולי יואל אדלשטיין,1958,Full,14
1708,רפאל אדרי,1937,Full,14
1709,אהוד אולמרט,1945,Partial,14
1710,אורי אור,1939,Full,14
1711,חיים אורון,1940,Full,14
1712,אפי אושעיה,1956,Full,14
1713,דוד אזולאי,1954,Full,14
1714,דליה איציק,1952,Full,14
1715,מיכאל איתן,1944,Full,14
1716,רפאל איתן,1929,Full,14
1717,רפאל אלול,1957,Full,14
1718,בנימין אלון,1954,Full,14
1719,טלב אלסאנע,1960,Full,14
1720,זאב בנימין  בגין,1943,Full,14
1721,פיני בדש,1952,Partial,14
1722,זאב בוים,1943,Full,14
1723,יגאל ביבי,1942,Full,14
1724,יוסי ביילין,1948,Full,14
1725,נעמי בלומנטל,1943,Full,14
1726,בנימין בן-אליעזר,1936,Full,14
1727,אליהו בן-אלישר,1932,Partial,14
1728,שלמה בניזרי,1961,Full,14
1729,אלי בן-מנחם,1947,Full,14
1730,שלמה בן-עמי,1943,Full,14
1731,שמריהו בן-צור,1944,Full,14
1732,רומן ברונפמן,1954,Full,14
1733,עוזי ברעם,1937,Full,14
1734,אהוד ברק,1942,Full,14
1735,עזמי בשארה,1956,Full,14
1736,אליהו גבאי,1943,Partial,14
1737,תמר גוז'נסקי,1940,Full,14
1738,מיכה גולדמן,1948,Full,14
1739,אלי גולדשמידט,1953,Full,14
1740,אריה גמליאל,1951,Full,14
1741,משה גפני,1952,Partial,14
1742,עבד-אלמאלכ דהאמשה,1945,Full,14
1743,נסים דהן,1954,Full,14
1744,חיים דיין,1960,Full,14
1745,יעל דיין,1939,Full,14
1746,עבד-אלוהאב דראושה,1943,Full,14
1747,אריה מכלוף דרעי,1959,Full,14
1748,אברהם הירשזון,1941,Full,14
1749,שמואל הלפרט,1939,Full,14
1750,זבולון המר,1936,Partial,14
1751,צחי הנגבי,1957,Full,14
1752,צבי הנדל,1949,Full,14
1753,יהודה הראל,1934,Full,14
1754,צבי ויינברג,1935,Full,14
1755,שבח וייס,1935,Full,14
1756,יצחק וקנין,1958,Full,14
1757,רחבעם זאבי,1926,Full,14
1758,נסים זוילי,1942,Full,14
1759,עמנואל זיסמן,1935,Full,14
1760,אליעזר זנדברג,1962,Full,14
1761,רפיק חאג' יחיא,1949,Partial,14
1762,ווליד חאג' יחיא,1936,Full,14
1763,נעמי חזן,1946,Full,14
1764,תאופיק ח'טיב,1954,Full,14
1765,דוד טל,1950,Full,14
1766,סאלח טריף,1954,Full,14
1767,יונה יהב,1944,Full,14
1768,שאול יהלום,1947,Full,14
1769,אברהם יחזקאל,1958,Full,14
1770,אליהו ישי,1962,Full,14
1771,איתן כבל,1959,Partial,14
1772,יצחק כהן,1951,Full,14
1773,רן כהן,1937,Full,14
1774,רענן כהן,1941,Full,14
1775,יוסי כץ,1949,Full,14
1776,ישראל כץ,1955,Partial,14
1777,לימור לבנת,1950,Full,14
1778,אלכסנדר לובוצקי,1956,Full,14
1779,דוד לוי,1937,Full,14
1780,יצחק לוי,1947,Full,14
1781,מקסים לוי,1950,Full,14
1782,דוד ליבאי,1934,Partial,14
1783,אברהם לייזרזון,1943,Partial,14
1784,עוזי לנדאו,1943,Full,14
1785,סופה לנדבר,1949,Full,14
1786,יהודה לנקרי,1947,Full,14
1787,ענת מאור,1945,Full,14
1788,אדיסו מאסלה,1961,Full,14
1789,דוד מגן,1945,Full,14
1790,האשם מחאמיד,1945,Full,14
1791,חגי מירום,1946,Full,14
1792,נואף מסאלחה,1943,Full,14
1793,יהושע מצא,1931,Full,14
1794,יצחק מרדכי,1944,Full,14
1795,דן מרידור,1947,Full,14
1796,מיכאל נודלמן,1938,Full,14
1797,בנימין נתניהו,1949,Full,14
1798,מרינה סולודקין,1952,Full,14
1799,ניסן סלומינסקי,1946,Partial,14
1800,סאלח סלים,1953,Full,14
1801,אפרים סנה,1944,Full,14
1802,אחמד סעד,1945,Full,14
1803,גדעון עזרא,1937,Full,14
1804,שאול עמור,1940,Full,14
1805,אברהם פורז,1945,Full,14
1806,חנן פורת,1943,Full,14
1807,אופיר פינס-פז,1961,Full,14
1808,משה פלד,1945,Full,14
1809,רפאל פנחסי,1940,Full,14
1810,מאיר פרוש,1955,Full,14
1811,שמעון פרס,1923,Full,14
1812,עמיר פרץ,1952,Full,14
1813,דוד צוקר,1948,Full,14
1814,אביגדור קהלני,1944,Full,14
1815,מיכאל קליינר,1948,Full,14
1816,משה קצב,1945,Full,14
1817,דוד ראם,1953,Full,14
1818,אברהם רביץ,1934,Full,14
1819,אמנון רובינשטיין,1931,Full,14
1820,ראובן ריבלין,1939,Partial,14
1821,חיים רמון,1950,Full,14
1822,אבנר חי שאקי,1926,Full,14
1823,אברהם בייגה שוחט,1936,Full,14
1824,משה שחל,1934,Partial,14
1825,מאיר שטרית,1947,Full,14
1826,אברהם שטרן,1935,Partial,14
1827,יורי שטרן,1949,Full,14
1828,סילבן שלום,1958,Full,14
1829,דורון שמואלי,1954,Partial,14
1830,שלום שמחון,1956,Full,14
1831,אריאל שרון,1928,Full,14
1832,יוסי שריד,1940,Full,14
1833,נתן שרנסקי,1948,Full,14
1834,דן תיכון,1937,Full,14
1835,קולט אביטל,1939,Partial,15
1836,עוזי אבן,1940,Partial,15
1837,יולי יואל אדלשטיין,1958,Full,15
1838,חיים אורון,1940,Partial,15
1839,זבולון אורלב,1945,Full,15
1840,אפי אושעיה,1956,Partial,15
1841,דוד אזולאי,1954,Full,15
1842,דליה איציק,1952,Full,15
1843,מיכאל איתן,1944,Full,15
1844,בנימין אלון,1954,Full,15
1845,טלב אלסאנע,1960,Full,15
1846,אורי יהודה אריאל,1952,Partial,15
1847,משה ארנס,1925,Full,15
1848,זאב בוים,1943,Partial,15
1849,אברהם בורג,1955,Full,15
1850,יגאל ביבי,1942,Full,15
1851,יוסי ביילין,1948,Partial,15
1852,נעמי בלומנטל,1943,Full,15
1853,בנימין בן-אליעזר,1936,Full,15
1854,שלמה בניזרי,1961,Full,15
1855,אלי בן-מנחם,1947,Partial,15
1856,שלמה בן-עמי,1943,Partial,15
1857,רומן ברונפמן,1954,Full,15
1858,ויקטור בריילובסקי,1935,Full,15
1859,מוחמד ברכה,1955,Full,15
1860,עוזי ברעם,1937,Partial,15
1861,אהוד ברק,1942,Partial,15
1862,עזמי בשארה,1956,Full,15
1863,יצחק גאגולה,1964,Full,15
1864,חוסניה ג'בארה,1958,Full,15
1865,תמר גוז'נסקי,1940,Full,15
1866,אלי גולדשמידט,1953,Partial,15
1867,אילן גילאון,1956,Full,15
1868,זהבה גלאון,1956,Full,15
1869,יהודה גלעד,1955,Partial,15
1870,אריה גמליאל,1951,Full,15
1871,משה גפני,1952,Full,15
1872,עבד-אלמאלכ דהאמשה,1945,Full,15
1873,נסים דהן,1954,Full,15
1874,יעל דיין,1939,Full,15
1875,חיים דרוקמן,1932,Full,15
1876,אברהם הירשזון,1941,Full,15
1877,שמואל הלפרט,1939,Full,15
1878,צחי הנגבי,1957,Full,15
1879,צבי הנדל,1949,Partial,15
1880,אבשלום וילן,1951,Full,15
1881,מתן וילנאי,1944,Partial,15
1882,יצחק וקנין,1958,Full,15
1883,נסים זאב,1951,Full,15
1884,רחבעם זאבי,1926,Partial,15
1885,אליעזר זנדברג,1962,Full,15
1886,עופר חוגי,1962,Full,15
1887,נעמי חזן,1946,Full,15
1888,תאופיק ח'טיב,1954,Full,15
1889,אחמד טיבי,1958,Full,15
1890,דוד טל,1950,Partial,15
1891,סאלח טריף,1954,Full,15
1892,שאול יהלום,1947,Full,15
1893,אברהם יחזקאל,1958,Full,15
1894,אליהו ישי,1962,Full,15
1895,איתן כבל,1959,Partial,15
1896,אלי כהן,1949,Partial,15
1897,אליעזר כהן,1934,Full,15
1898,אמנון כהן,1960,Full,15
1899,יצחק כהן,1951,Full,15
1900,רן כהן,1937,Full,15
1901,רענן כהן,1941,Partial,15
1902,מוחמד כנעאן,1955,Full,15
1903,חיים כץ,1947,Full,15
1904,יוסי כץ,1949,Full,15
1905,ישראל כץ,1955,Full,15
1906,ציפי לבני,1958,Full,15
1907,לימור לבנת,1950,Full,15
1908,דוד לוי,1937,Full,15
1909,יצחק לוי,1947,Partial,15
1910,מקסים לוי,1950,Partial,15
1911,אביגדור ליברמן,1958,Full,15
1912,אמנון ליפקין-שחק,1944,Partial,15
1913,יעקב ליצמן,1948,Full,15
1914,נחום לנגנטל,1960,Partial,15
1915,עוזי לנדאו,1943,Full,15
1916,סופה לנדבר,1949,Full,15
1917,יחיאל לסרי,1957,Partial,15
1918,יוסף לפיד,1931,Full,15
1919,ענת מאור,1945,Full,15
1920,דוד מגן,1945,Partial,15
1921,האשם מחאמיד,1945,Full,15
1922,עסאם מח'ול,1952,Full,15
1923,רוני מילוא,1949,Full,15
1924,רחמים מלול,1946,Full,15
1925,מיכאל מלכיאור,1954,Full,15
1926,נואף מסאלחה,1943,Full,15
1927,יהושע מצא,1931,Partial,15
1928,יצחק מרדכי,1944,Partial,15
1929,דן מרידור,1947,Full,15
1930,מרדכי משעני,1945,Partial,15
1931,יהודית נאות,1944,Full,15
1932,משולם נהרי,1951,Full,15
1933,מיכאל נודלמן,1938,Full,15
1934,דני נוה,1960,Full,15
1935,אורית נוקד,1952,Partial,15
1936,בנימין נתניהו,1949,Partial,15
1937,אוריאל סביר,1953,Partial,15
1938,יצחק סבן,1952,Full,15
1939,אליהו סויסה,1956,Full,15
1940,מרינה סולודקין,1952,Full,15
1941,אפרים סנה,1944,Full,15
1942,גדעון עזרא,1937,Full,15
1943,אברהם פורז,1945,Full,15
1944,חנן פורת,1943,Partial,15
1945,אופיר פינס-פז,1961,Full,15
1946,מאיר פרוש,1955,Full,15
1947,יוסף יצחק פריצקי,1955,Full,15
1948,שמעון פרס,1923,Full,15
1949,יאיר פרץ,1954,Full,15
1950,עמיר פרץ,1952,Full,15
1951,פנחס צברי,1956,Partial,15
1952,אלכסנדר צינקר,1953,Full,15
1953,מיכאל קליינר,1948,Full,15
1954,משה קצב,1945,Partial,15
1955,איוב קרא,1955,Full,15
1956,דליה רבין-פילוסוף,1950,Full,15
1957,אברהם רביץ,1934,Full,15
1958,אמנון רובינשטיין,1931,Partial,15
1959,נחמה רונן,1961,Partial,15
1960,מוסי רז,1965,Partial,15
1961,ראובן ריבלין,1939,Full,15
1962,גנדי ריגר,1948,Full,15
1963,חיים רמון,1950,Full,15
1964,צלי רשף,1953,Partial,15
1965,אברהם בייגה שוחט,1936,Full,15
1966,יובל שטייניץ,1958,Partial,15
1967,מאיר שטרית,1947,Full,15
1968,יורי שטרן,1949,Full,15
1969,ויצמן שירי,1956,Full,15
1970,סילבן שלום,1958,Full,15
1971,שלום שמחון,1956,Full,15
1972,אריאל שרון,1928,Full,15
1973,יוסי שריד,1940,Full,15
1974,נתן שרנסקי,1948,Full,15
1975,קולט אביטל,1939,Full,16
1976,רוחמה אברהם בלילא,1964,Full,16
1977,יולי יואל אדלשטיין,1958,Full,16
1978,יעקב אדרי,1950,Full,16
1979,אהוד אולמרט,1945,Full,16
1980,חיים אורון,1940,Full,16
1981,זבולון אורלב,1945,Full,16
1982,אפי אושעיה,1956,Partial,16
1983,דוד אזולאי,1954,Full,16
1984,ישראל אייכלר,1955,Partial,16
1985,טובה אילן,1929,Partial,16
1986,דליה איציק,1952,Partial,16
1987,אפי איתם,1952,Full,16
1988,מיכאל איתן,1944,Full,16
1989,אריה אלדד,1950,Full,16
1990,בנימין אלון,1954,Full,16
1991,טלב אלסאנע,1960,Full,16
1992,אורנה אנג'ל,1970,Partial,16
1993,אלי אפללו,1952,Full,16
1994,גלעד ארדן,1970,Full,16
1995,אורי יהודה אריאל,1952,Full,16
1996,זאב בוים,1943,Full,16
1997,אברהם בורג,1955,Full,16
1998,נעמי בלומנטל,1943,Full,16
1999,בנימין בן-אליעזר,1936,Full,16
2000,שלמה בניזרי,1961,Full,16
2001,דניאל בנלולו,1958,Full,16
2002,אלי בן-מנחם,1947,Full,16
2003,רוני בר-און,1948,Full,16
2004,רומן ברונפמן,1954,Full,16
2005,רוני בריזון,1944,Full,16
2006,ויקטור בריילובסקי,1935,Full,16
2007,מוחמד ברכה,1955,Full,16
2008,עזמי בשארה,1956,Full,16
2009,ענבל גבריאלי,1975,Full,16
2010,אראלה גולן,1945,Full,16
2011,מיכאל גורלובסקי,1963,Full,16
2012,זהבה גלאון,1956,Full,16
2013,גילה גמליאל,1974,Full,16
2014,משה גפני,1952,Full,16
2015,עבד-אלמאלכ דהאמשה,1945,Full,16
2016,נסים דהן,1954,Full,16
2017,נטע דוברין,1975,Partial,16
2018,חמי דורון,1956,Full,16
2019,אברהם הירשזון,1941,Full,16
2020,שמואל הלפרט,1939,Partial,16
2021,צחי הנגבי,1957,Partial,16
2022,צבי הנדל,1949,Full,16
2023,יצחק הרצוג,1960,Full,16
2024,מגלי והבה,1954,Full,16
2025,אבשלום וילן,1951,Full,16
2026,מתן וילנאי,1944,Full,16
2027,יצחק וקנין,1958,Full,16
2028,נסים זאב,1951,Full,16
2029,ג'מאל זחאלקה,1955,Full,16
2030,אליעזר זנדברג,1962,Full,16
2031,עופר חוגי,1962,Partial,16
2032,יחיאל חזן,1958,Full,16
2033,רשף חן,1968,Full,16
2034,ואסל טאהא,1952,Full,16
2035,אחמד טיבי,1958,Full,16
2036,דוד טל,1950,Full,16
2037,אסתרינה טרטמן,1957,Partial,16
2038,סאלח טריף,1954,Partial,16
2039,יגאל יאסינוב,1966,Full,16
2040,שאול יהלום,1947,Full,16
2041,אברהם יחזקאל,1958,Partial,16
2042,אליהו ישי,1962,Full,16
2043,אהוד יתום,1948,Full,16
2044,דני יתום,1945,Full,16
2045,איתן כבל,1959,Full,16
2046,אילנה כהן,1943,Full,16
2047,אליעזר כהן,1934,Partial,16
2048,אמנון כהן,1960,Full,16
2049,יצחק כהן,1951,Full,16
2050,רן כהן,1937,Full,16
2051,משה כחלון,1960,Full,16
2052,חיים כץ,1947,Full,16
2053,ישראל כץ,1955,Full,16
2054,אתי לבני,1948,Full,16
2055,ציפי לבני,1958,Full,16
2056,לימור לבנת,1950,Full,16
2057,דוד לוי,1937,Full,16
2058,יצחק לוי,1947,Full,16
2059,אילן ליבוביץ,1967,Full,16
2060,אביגדור ליברמן,1958,Partial,16
2061,יעקב ליצמן,1948,Full,16
2062,עוזי לנדאו,1943,Full,16
2063,סופה לנדבר,1949,Partial,16
2064,יוסף לפיד,1931,Full,16
2065,ראלב מג'אדלה,1953,Full,16
2066,עסאם מח'ול,1952,Full,16
2067,מיכאל מלכיאור,1954,Full,16
2068,דוד מנע,1953,Partial,16
2069,עמרם מצנע,1945,Partial,16
2070,יעקב מרגי,1960,Full,16
2071,יהודית נאות,1944,Full,16
2072,משולם נהרי,1951,Full,16
2073,מיכאל נודלמן,1938,Partial,16
2074,דני נוה,1960,Full,16
2075,אורית נוקד,1952,Full,16
2076,לאה נס,1961,Full,16
2077,בנימין נתניהו,1949,Full,16
2078,מרינה סולודקין,1952,Full,16
2079,ניסן סלומינסקי,1946,Full,16
2080,אפרים סנה,1944,Full,16
2081,גדעון סער,1966,Full,16
2082,גדעון עזרא,1937,Full,16
2083,מלי פולישוק-בלוך,1953,Full,16
2084,אברהם פורז,1945,Full,16
2085,אופיר פינס-פז,1961,Full,16
2086,גילה פינקלשטיין,1950,Full,16
2087,מאיר פרוש,1955,Full,16
2088,יוסף יצחק פריצקי,1955,Full,16
2089,שמעון פרס,1923,Partial,16
2090,יאיר פרץ,1954,Partial,16
2091,עמיר פרץ,1952,Full,16
2092,רונן צור,1969,Partial,16
2093,דני קורן,1945,Partial,16
2094,איוב קרא,1955,Full,16
2095,אברהם רביץ,1934,Full,16
2096,פנינה רוזנבלום,1954,Partial,16
2097,ראובן ריבלין,1939,Full,16
2098,חיים רמון,1950,Partial,16
2099,אהוד רצאבי,1953,Full,16
2100,מיכאל רצון,1952,Full,16
2101,אברהם בייגה שוחט,1936,Partial,16
2102,יובל שטייניץ,1958,Full,16
2103,מאיר שטרית,1947,Full,16
2104,יורי שטרן,1949,Full,16
2105,ויצמן שירי,1956,Partial,16
2106,אילן שלגי,1945,Full,16
2107,סילבן שלום,1958,Full,16
2108,שלום שמחון,1956,Full,16
2109,אריאל שרון,1928,Full,16
2110,עמרי שרון,1964,Partial,16
2111,יוסי שריד,1940,Full,16
2112,יולי תמיר,1954,Full,16
2113,קולט אביטל,1939,Full,17
2114,רוחמה אברהם בלילא,1964,Full,17
2115,יולי יואל אדלשטיין,1958,Partial,17
2116,יעקב אדרי,1950,Full,17
2117,יצחק אהרונוביץ,1950,Full,17
2118,אהוד אולמרט,1945,Full,17
2119,חיים אורון,1940,Full,17
2120,זבולון אורלב,1945,Full,17
2121,דוד אזולאי,1954,Full,17
2122,אריאל אטיאס,1970,Full,17
2123,עמיחי אילון,1945,Full,17
2124,רוברט אילטוב,1971,Full,17
2125,דליה איציק,1952,Full,17
2126,אפי איתם,1952,Full,17
2127,מיכאל איתן,1944,Full,17
2128,רפי איתן,1926,Full,17
2129,אריה אלדד,1950,Full,17
2130,בנימין אלון,1954,Full,17
2131,טלב אלסאנע,1960,Full,17
2132,זאב אלקין,1971,Full,17
2133,חיים אמסלם,1959,Full,17
2134,אלי אפללו,1952,Full,17
2135,גלעד ארדן,1970,Full,17
2136,אורי יהודה אריאל,1952,Full,17
2137,מזור בהיינה,1973,Partial,17
2138,זאב בוים,1943,Full,17
2139,יוסי ביילין,1948,Partial,17
2140,בנימין בן-אליעזר,1936,Full,17
2141,שלמה בניזרי,1961,Partial,17
2142,יעקב בן-יזרי,1927,Full,17
2143,יצחק בן-ישראל,1949,Partial,17
2144,מנחם בן-ששון,1951,Full,17
2145,רוני בר-און,1948,Full,17
2146,אבישי ברוורמן,1948,Full,17
2147,שלמה ברזניץ,1936,Partial,17
2148,מוחמד ברכה,1955,Full,17
2149,עזמי בשארה,1956,Partial,17
2150,אליהו גבאי,1943,Full,17
2151,זהבה גלאון,1956,Full,17
2152,אלחנן גלזר,1947,Full,17
2153,יצחק גלנטי,1937,Full,17
2154,משה גפני,1952,Full,17
2155,צביה גרינפילד,1945,Partial,17
2156,עמירה דותן,1947,Full,17
2157,אבי דיכטר,1952,Full,17
2158,אברהם הירשזון,1941,Full,17
2159,שמואל הלפרט,1939,Full,17
2160,צחי הנגבי,1957,Full,17
2161,צבי הנדל,1949,Full,17
2162,יצחק הרצוג,1960,Full,17
2163,מגלי והבה,1954,Full,17
2164,אבשלום וילן,1951,Full,17
2165,מתן וילנאי,1944,Full,17
2166,יצחק וקנין,1958,Full,17
2167,נסים זאב,1951,Full,17
2168,ג'מאל זחאלקה,1955,Full,17
2169,יצחק זיו,1937,Full,17
2170,עבאס זכור,1965,Full,17
2171,נאדיה חילו,1953,Full,17
2172,דב חנין,1958,Full,17
2173,יואל חסון,1973,Full,17
2174,ישראל חסון,1955,Full,17
2175,שי חרמש,1944,Partial,17
2176,ואסל טאהא,1952,Full,17
2177,אחמד טיבי,1958,Full,17
2178,דוד טל,1950,Full,17
2179,אסתרינה טרטמן,1957,Full,17
2180,שלי יחימוביץ',1960,Full,17
2181,אביגדור יצחקי,1949,Partial,17
2182,אליהו ישי,1962,Full,17
2183,דני יתום,1945,Partial,17
2184,איתן כבל,1959,Full,17
2185,אמנון כהן,1960,Full,17
2186,יעקב כהן,1953,Partial,17
2187,יצחק כהן,1951,Full,17
2188,רן כהן,1937,Full,17
2189,משה כחלון,1960,Full,17
2190,חיים כץ,1947,Partial,17
2191,ישראל כץ,1955,Full,17
2192,ציפי לבני,1958,Full,17
2193,לימור לבנת,1950,Full,17
2194,יצחק לוי,1947,Full,17
2195,אביגדור ליברמן,1958,Full,17
2196,לאון ליטינצקי,1967,Partial,17
2197,יעקב ליצמן,1948,Full,17
2198,סופה לנדבר,1949,Full,17
2199,ראלב מג'אדלה,1953,Full,17
2200,שלמה מולה,1965,Partial,17
2201,שאול מופז,1948,Full,17
2202,אברהם מיכאלי,1957,Full,17
2203,אלכס מילר,1977,Full,17
2204,סטס מיסז'ניקוב,1969,Full,17
2205,מיכאל מלכיאור,1954,Full,17
2206,אורי מקלב,1957,Partial,17
2207,יעקב מרגי,1960,Full,17
2208,שרה מרום שלו,1934,Full,17
2209,יורם מרציאנו,1964,Full,17
2210,משולם נהרי,1951,Full,17
2211,מיכאל נודלמן,1938,Full,17
2212,דני נוה,1960,Partial,17
2213,אורית נוקד,1952,Full,17
2214,סעיד נפאע,1953,Partial,17
2215,בנימין נתניהו,1949,Full,17
2216,חנא סוייד,1955,Full,17
2217,מרינה סולודקין,1952,Full,17
2218,ניסן סלומינסקי,1946,Full,17
2219,אפרים סנה,1944,Partial,17
2220,גדעון סער,1966,Full,17
2221,גדעון עזרא,1937,Full,17
2222,יהושע מנחם פולק,1948,Partial,17
2223,אופיר פינס-פז,1961,Full,17
2224,יוחנן פלסנר,1972,Partial,17
2225,מאיר פרוש,1955,Full,17
2226,שמעון פרס,1923,Partial,17
2227,עמיר פרץ,1952,Full,17
2228,אברהים צרצור,1959,Full,17
2229,אברהם רביץ,1934,Partial,17
2230,דוד רותם,1949,Partial,17
2231,ראובן ריבלין,1939,Full,17
2232,אוריאל רייכמן,1942,Partial,17
2233,חיים רמון,1950,Full,17
2234,יוסף שגל,1949,Full,17
2235,יובל שטייניץ,1958,Full,17
2236,מאיר שטרית,1947,Full,17
2237,יורי שטרן,1949,Partial,17
2238,סילבן שלום,1958,Full,17
2239,שלום שמחון,1956,Full,17
2240,ליה שמטוב,1958,Full,17
2241,שכיב שנאן,1961,Partial,17
2242,עתניאל שנלר,1952,Full,17
2243,משה שרוני,1929,Full,17
2244,נתן שרנסקי,1948,Partial,17
2245,רונית תירוש,1953,Full,17
2246,יולי תמיר,1954,Full,17
2247,דורון אביטל,1959,Partial,18
2248,נינו אבסדזה,1965,Partial,18
2249,רוחמה אברהם בלילא,1964,Full,18
2250,עפו אגבאריה,1949,Full,18
2251,רחל אדטו,1970,Full,18
2252,יולי יואל אדלשטיין,1958,Full,18
2253,אללי אדמסו,1962,Partial,18
2254,יעקב אדרי,1950,Full,18
2255,יצחק אהרונוביץ,1950,Full,18
2256,אורי אורבך,1960,Full,18
2257,חיים אורון,1940,Partial,18
2258,זבולון אורלב,1945,Full,18
2259,דוד אזולאי,1954,Full,18
2260,אריאל אטיאס,1970,Full,18
2261,ישראל אייכלר,1955,Partial,18
2262,דניאל אילון,1955,Full,18
2263,רוברט אילטוב,1971,Full,18
2264,דליה איציק,1952,Full,18
2265,מיכאל איתן,1944,Full,18
2266,אריה אלדד,1950,Full,18
2267,טלב אלסאנע,1960,Full,18
2268,זאב אלקין,1971,Full,18
2269,חיים אמסלם,1959,Full,18
2270,אלי אפללו,1952,Partial,18
2271,אופיר אקוניס,1973,Full,18
2272,גלעד ארדן,1970,Full,18
2273,אורי יהודה אריאל,1952,Full,18
2274,זאב בנימין  בגין,1943,Full,18
2275,זאב בוים,1943,Partial,18
2276,אריה ביבי,1943,Full,18
2277,זאב בילסקי,1949,Full,18
2278,בנימין בן-אליעזר,1936,Full,18
2279,מיכאל בן-ארי,1963,Full,18
2280,דניאל בן-סימון,1954,Full,18
2281,רוני בר-און,1948,Full,18
2282,אבישי ברוורמן,1948,Full,18
2283,מוחמד ברכה,1955,Full,18
2284,אהוד ברק,1942,Full,18
2285,אילן גילאון,1956,Full,18
2286,זהבה גלאון,1956,Partial,18
2287,גילה גמליאל,1974,Full,18
2288,מסעוד גנאים,1965,Full,18
2289,משה גפני,1952,Full,18
2290,אחמד דבאח,1955,Partial,18
2291,אברהם דואן,1955,Partial,18
2292,אבי דיכטר,1952,Partial,18
2293,דני דנון,1971,Full,18
2294,ניצן הורוביץ,1965,Full,18
2295,צחי הנגבי,1957,Partial,18
2296,יצחק הרצוג,1960,Full,18
2297,דניאל הרשקוביץ,1953,Full,18
2298,מגלי והבה,1954,Full,18
2299,מתן וילנאי,1944,Partial,18
2300,עינת וילף,1970,Partial,18
2301,יצחק וקנין,1958,Full,18
2302,נסים זאב,1951,Full,18
2303,אורית זוארץ,1967,Full,18
2304,חנין זועבי,1969,Full,18
2305,ג'מאל זחאלקה,1955,Full,18
2306,ציפי חוטובלי,1978,Full,18
2307,דב חנין,1958,Full,18
2308,אכרם  חסון,1959,Partial,18
2309,יואל חסון,1973,Full,18
2310,ישראל חסון,1955,Full,18
2311,שי חרמש,1944,Full,18
2312,אחמד טיבי,1958,Full,18
2313,רוברט טיבייב,1961,Full,18
2314,שלי יחימוביץ',1960,Full,18
2315,משה יעלון,1950,Full,18
2316,אליהו ישי,1962,Full,18
2317,יעקב כ”ץ,1951,Full,18
2318,איתן כבל,1959,Full,18
2319,אמנון כהן,1960,Full,18
2320,יצחק כהן,1951,Full,18
2321,משה כחלון,1960,Full,18
2322,חיים כץ,1947,Full,18
2323,ישראל כץ,1955,Full,18
2324,ציפי לבני,1958,Partial,18
2325,לימור לבנת,1950,Full,18
2326,אורלי לוי אבקסיס,1973,Full,18
2327,יריב לוין,1969,Full,18
2328,אביגדור ליברמן,1958,Full,18
2329,יעקב ליצמן,1948,Full,18
2330,עוזי לנדאו,1943,Full,18
2331,סופה לנדבר,1949,Full,18
2332,ראלב מג'אדלה,1953,Partial,18
2333,מנחם אליעזר מוזס,1946,Full,18
2334,שלמה מולה,1965,Full,18
2335,שאול מופז,1948,Full,18
2336,משה מוץ מטלון,1953,Full,18
2337,אברהם מיכאלי,1957,Full,18
2338,אנסטסיה מיכאלי,1975,Full,18
2339,אלכס מילר,1977,Full,18
2340,סטס מיסז'ניקוב,1969,Full,18
2341,אורי מקלב,1957,Full,18
2342,יעקב מרגי,1960,Full,18
2343,דן מרידור,1947,Full,18
2344,יורם מרציאנו,1964,Partial,18
2345,משולם נהרי,1951,Full,18
2346,אורית נוקד,1952,Full,18
2347,לאה נס,1961,Full,18
2348,סעיד נפאע,1953,Full,18
2349,בנימין נתניהו,1949,Full,18
2350,חנא סוייד,1955,Full,18
2351,מרינה סולודקין,1952,Full,18
2352,גדעון סער,1966,Full,18
2353,גדעון עזרא,1937,Partial,18
2354,חמד עמאר,1964,Full,18
2355,ציון פיניאן,1951,Full,18
2356,אופיר פינס-פז,1961,Partial,18
2357,יוסי פלד,1941,Partial,18
2358,יוחנן פלסנר,1972,Full,18
2359,מאיר פרוש,1955,Partial,18
2360,עמיר פרץ,1952,Partial,18
2361,יובל צלנר,1978,Partial,18
2362,אברהים צרצור,1959,Full,18
2363,פניה קירשנבאום,1955,Full,18
2364,איוב קרא,1955,Full,18
2365,מירי מרים רגב,1965,Full,18
2366,דוד רותם,1949,Full,18
2367,ראובן ריבלין,1939,Full,18
2368,חיים רמון,1950,Partial,18
2369,כרמל שאמה הכהן,1973,Full,18
2370,יובל שטייניץ,1958,Full,18
2371,מאיר שטרית,1947,Full,18
2372,נחמן שי,1946,Full,18
2373,סילבן שלום,1958,Full,18
2374,יוליה שמאלוב ברקוביץ',1964,Partial,18
2375,שלום שמחון,1956,Full,18
2376,ליה שמטוב,1958,Full,18
2377,שכיב שנאן,1961,Partial,18
2378,עתניאל שנלר,1952,Full,18
2379,רונית תירוש,1953,Full,18
2380,יולי תמיר,1954,Partial,18
2381,טלב אבו עראר,1967,Full,19
2382,עפו אגבאריה,1949,Full,19
2383,יולי יואל אדלשטיין,1958,Full,19
2384,ליאור אדרי,1979,Partial,19
2385,יצחק אהרונוביץ,1950,Full,19
2386,שמעון אוחיון,1945,Full,19
2387,אורי אורבך,1960,Partial,19
2388,דוד אזולאי,1954,Full,19
2389,אריאל אטיאס,1970,Partial,19
2390,ישראל אייכלר,1955,Full,19
2391,רוברט אילטוב,1971,Full,19
2392,קארין אלהרר,1977,Full,19
2393,זאב אלקין,1971,Full,19
2394,אופיר אקוניס,1973,Full,19
2395,גלעד ארדן,1970,Full,19
2396,אורי יהודה אריאל,1952,Full,19
2397,יעקב אשר,1965,Full,19
2398,מיכל בירן,1978,Full,19
2399,יואב בן צור,1958,Partial,19
2400,בנימין בן-אליעזר,1936,Partial,19
2401,אלי בן-דהן,1954,Full,19
2402,נפתלי בנט,1972,Full,19
2403,יחיאל חיליק בר,1975,Full,19
2404,אבישי ברוורמן,1948,Full,19
2405,מוחמד ברכה,1955,Full,19
2406,עמר בר-לב,1953,Full,19
2407,באסל גטאס,1956,Full,19
2408,אילן גילאון,1956,Full,19
2409,זהבה גלאון,1956,Full,19
2410,גילה גמליאל,1974,Full,19
2411,מסעוד גנאים,1965,Full,19
2412,משה גפני,1952,Full,19
2413,יעל גרמן,1947,Full,19
2414,דני דנון,1971,Full,19
2415,אריה מכלוף דרעי,1959,Partial,19
2416,רונן הופמן,1963,Full,19
2417,הלל אילן  הורוביץ,1964,Partial,19
2418,ניצן הורוביץ,1965,Full,19
2419,צחי הנגבי,1957,Full,19
2420,יצחק הרצוג,1960,Full,19
2421,אבי וורצמן,1970,Full,19
2422,יצחק וקנין,1958,Full,19
2423,נסים זאב,1951,Full,19
2424,חנין זועבי,1969,Full,19
2425,ג'מאל זחאלקה,1955,Full,19
2426,תמר זנדברג,1976,Full,19
2427,ציפי חוטובלי,1978,Full,19
2428,דב חנין,1958,Full,19
2429,ישראל חסון,1955,Partial,19
2430,בועז טופורובסקי,1980,Full,19
2431,אחמד טיבי,1958,Full,19
2432,מרדכי יוגב,1956,Full,19
2433,שלי יחימוביץ',1960,Full,19
2434,משה יעלון,1950,Full,19
2435,אליהו ישי,1962,Full,19
2436,איתן כבל,1959,Full,19
2437,אמנון כהן,1960,Full,19
2438,יצחק כהן,1951,Full,19
2439,מאיר כהן,1955,Full,19
2440,זבולון כלפה,1962,Full,19
2441,חיים כץ,1947,Full,19
2442,ישראל כץ,1955,Full,19
2443,עליזה לביא,1964,Full,19
2444,ציפי לבני,1958,Full,19
2445,לימור לבנת,1950,Full,19
2446,מיקי לוי,1951,Full,19
2447,אורלי לוי אבקסיס,1973,Full,19
2448,יריב לוין,1969,Full,19
2449,אביגדור ליברמן,1958,Full,19
2450,לאון ליטינצקי,1967,Partial,19
2451,דב ליפמן,1971,Full,19
2452,יעקב ליצמן,1948,Full,19
2453,עוזי לנדאו,1943,Full,19
2454,סופה לנדבר,1949,Full,19
2455,יאיר לפיד,1963,Full,19
2456,ראלב מג'אדלה,1953,Partial,19
2457,מנחם אליעזר מוזס,1946,Full,19
2458,שולי מועלם-רפאלי,1965,Full,19
2459,שאול מופז,1948,Full,19
2460,משה מזרחי,1950,Full,19
2461,אברהם מיכאלי,1957,Full,19
2462,מרב מיכאלי,1966,Full,19
2463,אלכס מילר,1977,Partial,19
2464,עמרם מצנע,1945,Full,19
2465,אורי מקלב,1957,Full,19
2466,יעקב מרגי,1960,Full,19
2467,אראל מרגלית,1961,Full,19
2468,משולם נהרי,1951,Full,19
2469,בנימין נתניהו,1949,Full,19
2470,חנא סוייד,1955,Full,19
2471,שמעון סולומון,1968,Full,19
2472,אורית סטרוק,1960,Full,19
2473,ניסן סלומינסקי,1946,Full,19
2474,גדעון סער,1966,Partial,19
2475,חמד עמאר,1964,Full,19
2476,משה זלמן פייגלין,1962,Full,19
2477,שי פירון,1965,Full,19
2478,מאיר פרוש,1955,Full,19
2479,יעקב פרי,1944,Full,19
2480,עיסאווי פריג',1963,Full,19
2481,רינה פרנקל,1956,Full,19
2482,עמיר פרץ,1952,Full,19
2483,דוד צור,1959,Full,19
2484,יובל צלנר,1978,Partial,19
2485,אברהים צרצור,1959,Full,19
2486,עדי קול,1976,Full,19
2487,פניה קירשנבאום,1955,Full,19
2488,רות קלדרון,1961,Full,19
2489,יפעת קריב,1973,Full,19
2490,מירי מרים רגב,1965,Full,19
2491,מיכל רוזין,1969,Full,19
2492,מיקי רוזנטל,1955,Full,19
2493,דוד רותם,1949,Full,19
2494,יואל רזבוזוב,1980,Full,19
2495,ראובן ריבלין,1939,Partial,19
2496,כרמל שאמה הכהן,1973,Partial,19
2497,יוני שטבון,1979,Full,19
2498,יובל שטייניץ,1958,Full,19
2499,מאיר שטרית,1947,Full,19
2500,אלעזר שטרן,1956,Full,19
2501,נחמן שי,1946,Full,19
2502,סילבן שלום,1958,Full,19
2503,עפר שלח,1960,Full,19
2504,איציק שמולי,1980,Full,19
2505,יאיר שמיר,1945,Full,19
2506,סתיו שפיר,1985,Full,19
2507,אילת שקד,1976,Full,19
2508,פנינה תמנו,1981,Full,19
2509,עבדאללה אבו מערוף,1956,Partial,20
2510,טלב אבו עראר,1967,Full,20
2511,ניבין אבו רחמון,1981,Partial,20
2512,יולי יואל אדלשטיין,1958,Full,20
2513,אמיר אוחנה,1976,Partial,20
2514,מיכאל אורן,1955,Full,20
2515,ג'מעה  אזברגה,1956,Partial,20
2516,דוד אזולאי,1954,Partial,20
2517,ינון אזולאי,1979,Partial,20
2518,ישראל אייכלר,1955,Full,20
2519,רוברט אילטוב,1971,Full,20
2520,אלי אלאלוף,1945,Full,20
2521,קארין אלהרר,1977,Full,20
2522,סעיד אלחרומי,1972,Partial,20
2523,זאב אלקין,1971,Full,20
2524,דוד אמסלם,1960,Full,20
2525,אופיר אקוניס,1973,Full,20
2526,גלעד ארדן,1970,Full,20
2527,אורי יהודה אריאל,1952,Full,20
2528,יעקב אשר,1965,Partial,20
2529,זאב בנימין  בגין,1943,Full,20
2530,זוהיר בהלול,1950,Partial,20
2531,נאוה בוקר,1970,Full,20
2532,דוד ביטן,1960,Full,20
2533,מיכל בירן,1978,Full,20
2534,יואב בן צור,1958,Full,20
2535,מירב  בן-ארי,1975,Full,20
2536,אלי בן-דהן,1954,Full,20
2537,נפתלי בנט,1972,Partial,20
2538,איל בן-ראובן,1954,Full,20
2539,יחיאל חיליק בר,1975,Full,20
2540,איתן ברושי,1950,Full,20
2541,עמר בר-לב,1953,Full,20
2542,ענת ברקו,1960,Full,20
2543,יוסף ג'בארין,1972,Full,20
2544,יגאל  גואטה,1966,Partial,20
2545,באסל גטאס,1956,Partial,20
2546,אילן גילאון,1956,Full,20
2547,שרון גל,1974,Partial,20
2548,זהבה גלאון,1956,Partial,20
2549,יהודה יהושע גליק,1965,Partial,20
2550,יואב גלנט,1958,Partial,20
2551,גילה גמליאל,1974,Full,20
2552,מסעוד גנאים,1965,Full,20
2553,משה גפני,1952,Full,20
2554,יעל גרמן,1947,Full,20
2555,אבי דיכטר,1952,Full,20
2556,דני דנון,1971,Partial,20
2557,אריה מכלוף דרעי,1959,Partial,20
2558,צחי הנגבי,1957,Full,20
2559,יצחק הרצוג,1960,Partial,20
2560,שרן מרים השכל,1984,Partial,20
2561,אבי וורצמן,1970,Partial,20
2562,יצחק וקנין,1958,Full,20
2563,מכלוף מיקי זוהר,1980,Full,20
2564,חנין זועבי,1969,Full,20
2565,ג'מאל זחאלקה,1955,Full,20
2566,תמר זנדברג,1976,Full,20
2567,עבד אלחכים חאג' יחיא,1965,Full,20
2568,אבראהים  חג'אזי,1977,Partial,20
2569,ציפי חוטובלי,1978,Full,20
2570,אורן אסף חזן,1981,Full,20
2571,דב חנין,1958,Full,20
2572,אכרם  חסון,1959,Partial,20
2573,יואל חסון,1973,Full,20
2574,אחמד טיבי,1958,Full,20
2575,רוברט טיבייב,1961,Partial,20
2576,מנואל טרכטנברג,1950,Partial,20
2577,מרדכי יוגב,1956,Full,20
2578,יוסי יונה,1953,Full,20
2579,ואאל יונס,1963,Partial,20
2580,שלי יחימוביץ',1960,Full,20
2581,חיים ילין,1958,Full,20
2582,משה יעלון,1950,Partial,20
2583,איתן כבל,1959,Full,20
2584,אלי אליהו כהן,1972,Full,20
2585,יצחק כהן,1951,Partial,20
2586,מאיר כהן,1955,Full,20
2587,יעל כהן פארן,1973,Partial,20
2588,משה כחלון,1960,Partial,20
2589,חיים כץ,1947,Full,20
2590,ישראל כץ,1955,Full,20
2591,עליזה לביא,1964,Full,20
2592,ציפי לבני,1958,Full,20
2593,ז'קי לוי,1960,Partial,20
2594,מיקי לוי,1951,Full,20
2595,אורלי לוי אבקסיס,1973,Full,20
2596,יריב לוין,1969,Full,20
2597,אביגדור ליברמן,1958,Partial,20
2598,יעקב ליצמן,1948,Full,20
2599,סופה לנדבר,1949,Full,20
2600,יאיר לפיד,1963,Full,20
2601,אוסנת הילה מארק,1967,Partial,20
2602,ינון מגל,1969,Partial,20
2603,מנחם אליעזר מוזס,1946,Full,20
2604,שולי מועלם-רפאלי,1965,Partial,20
2605,ירון מזוז,1962,Full,20
2606,משה מזרחי,1950,Partial,20
2607,מרב מיכאלי,1966,Full,20
2608,יוליה מלינובסקי,1975,Partial,20
2609,מיכאל  מלכיאלי,1982,Partial,20
2610,אורי מקלב,1957,Full,20
2611,יעקב מרגי,1960,Full,20
2612,אראל מרגלית,1961,Partial,20
2613,אברהם נגוסה,1958,Full,20
2614,משולם נהרי,1951,Partial,20
2615,איילת נחמיאס ורבין,1970,Full,20
2616,בנימין נתניהו,1949,Full,20
2617,קסניה סבטלובה,1977,Full,20
2618,רויטל סויד,1967,Full,20
2619,פנתהון סיום,1971,Partial,20
2620,דן סיידה,1959,Partial,20
2621,ניסן סלומינסקי,1946,Full,20
2622,בצלאל סמוטריץ',1980,Full,20
2623,סאלח סעד,1963,Partial,20
2624,אוסאמה סעדי,1963,Partial,20
2625,איימן עודה,1975,Full,20
2626,רחל עזריה,1977,Full,20
2627,יוסף עטאונה,1966,Partial,20
2628,דניאל עטר,1958,Partial,20
2629,חמד עמאר,1964,Full,20
2630,לאה פדידה,1968,Partial,20
2631,רועי פולקמן,1975,Full,20
2632,עודד פורר,1977,Partial,20
2633,שי פירון,1965,Partial,20
2634,טלי פלוסקוב,1962,Full,20
2635,מאיר פרוש,1955,Partial,20
2636,יעקב פרי,1944,Partial,20
2637,עיסאווי פריג',1963,Full,20
2638,עמיר פרץ,1952,Full,20
2639,נורית קורן,1960,Full,20
2640,יואב קיש,1968,Full,20
2641,איוב קרא,1955,Full,20
2642,מירי מרים רגב,1965,Full,20
2643,מיכל רוזין,1969,Full,20
2644,מיקי רוזנטל,1955,Full,20
2645,מוסי רז,1965,Partial,20
2646,יואל רזבוזוב,1980,Full,20
2647,יפעת שאשא ביטון,1973,Full,20
2648,יובל שטייניץ,1958,Full,20
2649,אלעזר שטרן,1956,Partial,20
2650,נחמן שי,1946,Full,20
2651,סילבן שלום,1958,Partial,20
2652,עפר שלח,1960,Full,20
2653,איציק שמולי,1980,Full,20
2654,סתיו שפיר,1985,Full,20
2655,אילת שקד,1976,Full,20
2656,עאידה תומא סלימאן,1964,Full,20
2657,פנינה תמנו,1981,Partial,20
2658,אלי אבידר,1964,Full,21
2659,יולי יואל אדלשטיין,1958,Full,21
2660,אמיר אוחנה,1976,Full,21
2661,ינון אזולאי,1979,Full,21
2662,ישראל אייכלר,1955,Full,21
2663,קארין אלהרר,1977,Full,21
2664,זאב אלקין,1971,Full,21
2665,דוד אמסלם,1960,Full,21
2666,אופיר אקוניס,1973,Full,21
2667,משה ארבל,1983,Full,21
2668,גלעד ארדן,1970,Full,21
2669,גבי אשכנזי,1954,Full,21
2670,יעקב אשר,1965,Full,21
2671,מיכאל מרדכי ביטון,1970,Full,21
2672,דוד ביטן,1960,Full,21
2673,רם בן ברק,1958,Full,21
2674,יואב בן צור,1958,Full,21
2675,אלי בן-דהן,1954,Full,21
2676,אורנה ברביבאי,1962,Full,21
2677,קרן ברק,1972,Full,21
2678,ניר ברקת,1959,Full,21
2679,אבי גבאי,1967,Full,21
2680,יוסף ג'בארין,1972,Full,21
2681,מאי גולן,1986,Full,21
2682,אילן גילאון,1956,Full,21
2683,איתן גינזבורג,1977,Full,21
2684,יואב גלנט,1958,Full,21
2685,גילה גמליאל,1974,Full,21
2686,בני גנץ,1959,Full,21
2687,משה גפני,1952,Full,21
2688,יעל גרמן,1947,Full,21
2689,עוזי דיין,1948,Full,21
2690,אבי דיכטר,1952,Full,21
2691,אריה מכלוף דרעי,1959,Full,21
2692,צבי האוזר,1968,Full,21
2693,צחי הנגבי,1957,Full,21
2694,יועז הנדל,1975,Full,21
2695,שרן מרים השכל,1984,Full,21
2696,מכלוף מיקי זוהר,1980,Full,21
2697,אסף זמיר,1980,Full,21
2698,תמר זנדברג,1976,Full,21
2699,עבד אלחכים חאג' יחיא,1965,Full,21
2700,ציפי חוטובלי,1978,Full,21
2701,מיקי חיימוביץ',1962,Full,21
2702,בועז טופורובסקי,1980,Full,21
2703,אחמד טיבי,1958,Full,21
2704,יעקב טסלר,1973,Full,21
2705,חילי טרופר,1978,Full,21
2706,דסטה גדי יברקן,1981,Full,21
2707,מרדכי יוגב,1956,Full,21
2708,היבה יזבק,1985,Full,21
2709,שלי יחימוביץ',1960,Full,21
2710,עומר ינקלביץ',1978,Full,21
2711,משה יעלון,1950,Full,21
2712,אלי אליהו כהן,1972,Full,21
2713,יצחק כהן,1951,Full,21
2714,מאיר כהן,1955,Full,21
2715,מירב כהן,1983,Full,21
2716,משה כחלון,1960,Full,21
2717,ע'דיר כמאל מריח,1984,Full,21
2718,עופר כסיף,1964,Full,21
2719,אופיר כץ,1980,Full,21
2720,חיים כץ,1947,Full,21
2721,ישראל כץ,1955,Full,21
2722,יוראי להב הרצנו,1988,Full,21
2723,מיקי לוי,1951,Full,21
2724,יריב לוין,1969,Full,21
2725,אביגדור ליברמן,1958,Full,21
2726,יעקב ליצמן,1948,Full,21
2727,יאיר לפיד,1963,Full,21
2728,אוסנת הילה מארק,1967,Full,21
2729,פטין מולא,1960,Full,21
2730,מרב מיכאלי,1966,Partial,21
2731,יוליה מלינובסקי,1975,Full,21
2732,מיכאל  מלכיאלי,1982,Full,21
2733,אורי מקלב,1957,Full,21
2734,יעקב מרגי,1960,Full,21
2735,משולם נהרי,1951,Full,21
2736,אבי ניסנקורן,1967,Full,21
2737,בנימין נתניהו,1949,Full,21
2738,יואב סגלוביץ',1959,Full,21
2739,יבגני סובה,1980,Full,21
2740,אופיר סופר,1974,Full,21
2741,עידית סילמן,1980,Full,21
2742,בצלאל סמוטריץ',1980,Full,21
2743,אוסאמה סעדי,1963,Full,21
2744,גדעון סער,1966,Full,21
2745,מנסור עבאס,1974,Full,21
2746,איימן עודה,1975,Full,21
2747,חוה אתי עטייה,1960,Full,21
2748,רועי פולקמן,1975,Full,21
2749,עודד פורר,1977,Full,21
2750,יצחק זאב פינדרוס,1971,Full,21
2751,אורלי פרומן,1955,Full,21
2752,מאיר פרוש,1955,Full,21
2753,עיסאווי פריג',1963,Full,21
2754,עמיר פרץ,1952,Full,21
2755,רפאל פרץ,1956,Full,21
2756,אורית פרקש הכהן,1970,Full,21
2757,יואב קיש,1968,Full,21
2758,אריאל קלנר,1980,Full,21
2759,שלמה קרעי,1982,Full,21
2760,מירי מרים רגב,1965,Full,21
2761,מיכל רוזין,1969,Full,21
2762,עידן רול,1984,Full,21
2763,טל רוסו,1959,Full,21
2764,יואל רזבוזוב,1980,Full,21
2765,יפעת שאשא ביטון,1973,Full,21
2766,אלון שוסטר,1957,Full,21
2767,אנטאנס שחאדה,1972,Full,21
2768,יובל שטייניץ,1958,Full,21
2769,קטי קטרין שטרית,1960,Full,21
2770,אלעזר שטרן,1956,Full,21
2771,יזהר שי,1963,Full,21
2772,מיכל שיר סגמן,1979,Full,21
2773,עפר שלח,1960,Full,21
2774,איציק שמולי,1980,Full,21
2775,סתיו שפיר,1985,Partial,21
2776,רם שפע,1985,Full,21
2777,עאידה תומא סלימאן,1964,Full,21
2778,פנינה תמנו,1981,Full,21
2779,סמי אבו שחאדה,1975,Full,22
2780,משה אבוטבול,1965,Full,22
2781,אלי אבידר,1964,Full,22
2782,יולי יואל אדלשטיין,1958,Full,22
2783,אמיר אוחנה,1976,Full,22
2784,ינון אזולאי,1979,Full,22
2785,ישראל אייכלר,1955,Full,22
2786,מרק איפראימוב,1981,Full,22
2787,קארין אלהרר,1977,Full,22
2788,סעיד אלחרומי,1972,Full,22
2789,זאב אלקין,1971,Full,22
2790,דוד אמסלם,1960,Full,22
2791,אופיר אקוניס,1973,Full,22
2792,משה ארבל,1983,Full,22
2793,גלעד ארדן,1970,Full,22
2794,גבי אשכנזי,1954,Full,22
2795,יעקב אשר,1965,Full,22
2796,מיכאל מרדכי ביטון,1970,Full,22
2797,דוד ביטן,1960,Full,22
2798,רם בן ברק,1958,Full,22
2799,יואב בן צור,1958,Full,22
2800,נפתלי בנט,1972,Full,22
2801,אורנה ברביבאי,1962,Full,22
2802,עמר בר-לב,1953,Full,22
2803,קרן ברק,1972,Full,22
2804,ניר ברקת,1959,Full,22
2805,יוסף ג'בארין,1972,Full,22
2806,יאיר גולן,1962,Full,22
2807,אילן גילאון,1956,Full,22
2808,איתן גינזבורג,1977,Full,22
2809,יואב גלנט,1958,Full,22
2810,גילה גמליאל,1974,Full,22
2811,בני גנץ,1959,Full,22
2812,משה גפני,1952,Full,22
2813,יעל גרמן,1947,Full,22
2814,אבי דיכטר,1952,Full,22
2815,אריה מכלוף דרעי,1959,Full,22
2816,צבי האוזר,1968,Full,22
2817,ניצן הורוביץ,1965,Full,22
2818,צחי הנגבי,1957,Full,22
2819,יועז הנדל,1975,Full,22
2820,שרן מרים השכל,1984,Full,22
2821,מכלוף מיקי זוהר,1980,Full,22
2822,אסף זמיר,1980,Full,22
2823,תמר זנדברג,1976,Full,22
2824,ציפי חוטובלי,1978,Full,22
2825,מיקי חיימוביץ',1962,Full,22
2826,ווליד טאהא,1968,Full,22
2827,בועז טופורובסקי,1980,Full,22
2828,אחמד טיבי,1958,Full,22
2829,יעקב טסלר,1973,Full,22
2830,חילי טרופר,1978,Full,22
2831,דסטה גדי יברקן,1981,Partial,22
2832,מרדכי יוגב,1956,Full,22
2833,היבה יזבק,1985,Full,22
2834,עומר ינקלביץ',1978,Full,22
2835,משה יעלון,1950,Full,22
2836,אלי אליהו כהן,1972,Full,22
2837,יצחק כהן,1951,Full,22
2838,מאיר כהן,1955,Full,22
2839,מירב כהן,1983,Full,22
2840,מתן כהנא,1972,Full,22
2841,משה כחלון,1960,Full,22
2842,ע'דיר כמאל מריח,1984,Full,22
2843,עופר כסיף,1964,Full,22
2844,אופיר כץ,1980,Full,22
2845,חיים כץ,1947,Full,22
2846,ישראל כץ,1955,Full,22
2847,יוראי להב הרצנו,1988,Partial,22
2848,מיקי לוי,1951,Full,22
2849,אורלי לוי אבקסיס,1973,Full,22
2850,יריב לוין,1969,Full,22
2851,אביגדור ליברמן,1958,Full,22
2852,יעקב ליצמן,1948,Full,22
2853,יאיר לפיד,1963,Full,22
2854,מרב מיכאלי,1966,Full,22
2855,יוליה מלינובסקי,1975,Full,22
2856,מיכאל  מלכיאלי,1982,Full,22
2857,אורי מקלב,1957,Full,22
2858,יעקב מרגי,1960,Full,22
2859,משולם נהרי,1951,Full,22
2860,אבי ניסנקורן,1967,Full,22
2861,בנימין נתניהו,1949,Full,22
2862,יואב סגלוביץ',1959,Full,22
2863,יבגני סובה,1980,Full,22
2864,רויטל סויד,1967,Full,22
2865,אופיר סופר,1974,Full,22
2866,בצלאל סמוטריץ',1980,Full,22
2867,אוסאמה סעדי,1963,Full,22
2868,גדעון סער,1966,Full,22
2869,מנסור עבאס,1974,Full,22
2870,איימן עודה,1975,Full,22
2871,חוה אתי עטייה,1960,Full,22
2872,חמד עמאר,1964,Full,22
2873,ג'אבר עסאקלה,1960,Full,22
2874,עודד פורר,1977,Full,22
2875,אורלי פרומן,1955,Full,22
2876,מאיר פרוש,1955,Full,22
2877,עמיר פרץ,1952,Full,22
2878,רפאל פרץ,1956,Full,22
2879,אורית פרקש הכהן,1970,Full,22
2880,אלכס קושניר,1978,Full,22
2881,יואב קיש,1968,Full,22
2882,שלמה קרעי,1982,Full,22
2883,מירי מרים רגב,1965,Full,22
2884,יואל רזבוזוב,1980,Full,22
2885,יפעת שאשא ביטון,1973,Full,22
2886,אלון שוסטר,1957,Full,22
2887,אנטאנס שחאדה,1972,Full,22
2888,יובל שטייניץ,1958,Full,22
2889,קטי קטרין שטרית,1960,Full,22
2890,אלעזר שטרן,1956,Full,22
2891,יזהר שי,1963,Full,22
2892,מיכל שיר סגמן,1979,Full,22
2893,עפר שלח,1960,Full,22
2894,איציק שמולי,1980,Full,22
2895,סתיו שפיר,1985,Full,22
2896,רם שפע,1985,Full,22
2897,אילת שקד,1976,Full,22
2898,עאידה תומא סלימאן,1964,Full,22
2899,פנינה תמנו,1981,Full,22
2900,סמי אבו שחאדה,1975,Full,23
2901,משה אבוטבול,1965,Full,23
2902,אלי אבידר,1964,Full,23
2903,יולי יואל אדלשטיין,1958,Full,23
2904,אמיר אוחנה,1976,Partial,23
2905,ינון אזולאי,1979,Full,23
2906,ישראל אייכלר,1955,Full,23
2907,קארין אלהרר,1977,Full,23
2908,סעיד אלחרומי,1972,Full,23
2909,זאב אלקין,1971,Partial,23
2910,דוד אמסלם,1960,Full,23
2911,אופיר אקוניס,1973,Full,23
2912,משה ארבל,1983,Full,23
2913,גלעד ארדן,1970,Partial,23
2914,גבי אשכנזי,1954,Full,23
2915,יעקב אשר,1965,Full,23
2916,אוריאל בוסו,1973,Partial,23
2917,מיכאל מרדכי ביטון,1970,Partial,23
2918,דוד ביטן,1960,Full,23
2919,ולדימיר בליאק,1973,Partial,23
2920,רם בן ברק,1958,Full,23
2921,יואב בן צור,1958,Partial,23
2922,נפתלי בנט,1972,Full,23
2923,אורנה ברביבאי,1962,Full,23
2924,אליהו ברוכי,1976,Partial,23
2925,קרן ברק,1972,Full,23
2926,ניר ברקת,1959,Full,23
2927,יוסף ג'בארין,1972,Full,23
2928,יאיר גולן,1962,Full,23
2929,מאי גולן,1986,Full,23
2930,אילן גילאון,1956,Partial,23
2931,איתן גינזבורג,1977,Full,23
2932,יואב גלנט,1958,Full,23
2933,גילה גמליאל,1974,Full,23
2934,בני גנץ,1959,Full,23
2935,משה גפני,1952,Full,23
2936,עוזי דיין,1948,Full,23
2937,אבי דיכטר,1952,Full,23
2938,אריה מכלוף דרעי,1959,Partial,23
2939,צבי האוזר,1968,Full,23
2940,ניצן הורוביץ,1965,Full,23
2941,עמית הלוי,1971,Partial,23
2942,צחי הנגבי,1957,Full,23
2943,יועז הנדל,1975,Full,23
2944,שרן מרים השכל,1984,Partial,23
2945,ניסים ואטורי,1969,Partial,23
2946,מיכל וונש,1970,Partial,23
2947,רות וסרמן לנדה,1976,Partial,23
2948,מכלוף מיקי זוהר,1980,Full,23
2949,אסף זמיר,1980,Partial,23
2950,תמר זנדברג,1976,Full,23
2951,ציפי חוטובלי,1978,Partial,23
2952,אימאן ח'טיב יאסין,1964,Full,23
2953,מיקי חיימוביץ',1962,Full,23
2954,אליהו חסיד,1976,Partial,23
2955,ווליד טאהא,1968,Full,23
2956,בועז טופורובסקי,1980,Full,23
2957,משה טור פז,1972,Partial,23
2958,אחמד טיבי,1958,Full,23
2959,יוסף טייב,1981,Partial,23
2960,יעקב טסלר,1973,Full,23
2961,חילי טרופר,1978,Partial,23
2962,דסטה גדי יברקן,1981,Full,23
2963,מטי יוגב,1966,Partial,23
2964,היבה יזבק,1985,Full,23
2965,עומר ינקלביץ',1978,Full,23
2966,משה יעלון,1950,Full,23
2967,אלי אליהו כהן,1972,Full,23
2968,יצחק כהן,1951,Full,23
2969,מאיר כהן,1955,Full,23
2970,מירב כהן,1983,Partial,23
2971,מתן כהנא,1972,Full,23
2972,ע'דיר כמאל מריח,1984,Full,23
2973,ענת כנפו,1963,Partial,23
2974,עופר כסיף,1964,Full,23
2975,אופיר כץ,1980,Full,23
2976,חיים כץ,1947,Full,23
2977,ישראל כץ,1955,Full,23
2978,יוראי להב הרצנו,1988,Partial,23
2979,מיקי לוי,1951,Full,23
2980,אורלי לוי אבקסיס,1973,Full,23
2981,יריב לוין,1969,Full,23
2982,אביגדור ליברמן,1958,Full,23
2983,יעקב ליצמן,1948,Partial,23
2984,יאיר לפיד,1963,Full,23
2985,אוסנת הילה מארק,1967,Partial,23
2986,פטין מולא,1960,Full,23
2987,מרב מיכאלי,1966,Full,23
2988,יוליה מלינובסקי,1975,Full,23
2989,מיכאל  מלכיאלי,1982,Full,23
2990,אורי מקלב,1957,Partial,23
2991,יעקב מרגי,1960,Full,23
2992,משולם נהרי,1951,Full,23
2993,אבי ניסנקורן,1967,Partial,23
2994,בנימין נתניהו,1949,Full,23
2995,סונדוס סאלח,1986,Full,23
2996,יואב סגלוביץ',1959,Full,23
2997,יבגני סובה,1980,Full,23
2998,אופיר סופר,1974,Full,23
2999,בצלאל סמוטריץ',1980,Full,23
3000,אוסאמה סעדי,1963,Full,23
3001,גדעון סער,1966,Partial,23
3002,מנסור עבאס,1974,Full,23
3003,איימן עודה,1975,Full,23
3004,חוה אתי עטייה,1960,Full,23
3005,חמד עמאר,1964,Full,23
3006,ג'אבר עסאקלה,1960,Full,23
3007,עודד פורר,1977,Full,23
3008,יצחק זאב פינדרוס,1971,Partial,23
3009,טלי פלוסקוב,1962,Full,23
3010,אורלי פרומן,1955,Full,23
3011,מאיר פרוש,1955,Partial,23
3012,תהלה פרידמן,1976,Partial,23
3013,עמיר פרץ,1952,Partial,23
3014,רפאל פרץ,1956,Full,23
3015,אורית פרקש הכהן,1970,Partial,23
3016,עינב קאבלה,1979,Partial,23
3017,אנדרי קוז'ינוב,1979,Full,23
3018,אלכס קושניר,1978,Full,23
3019,יואב קיש,1968,Full,23
3020,אריאל קלנר,1980,Partial,23
3021,איוב קרא,1955,Partial,23
3022,שלמה קרעי,1982,Full,23
3023,מירי מרים רגב,1965,Full,23
3024,עידן רול,1984,Full,23
3025,יעל רון בן משה,1978,Partial,23
3026,יואל רזבוזוב,1980,Full,23
3027,יפעת שאשא ביטון,1973,Full,23
3028,אלון שוסטר,1957,Partial,23
3029,אנטאנס שחאדה,1972,Full,23
3030,יובל שטייניץ,1958,Full,23
3031,קטי קטרין שטרית,1960,Full,23
3032,אלעזר שטרן,1956,Full,23
3033,שבח שטרן,1951,Partial,23
3034,יזהר שי,1963,Partial,23
3035,הילה שי וזאן,1980,Partial,23
3036,מיכל שיר סגמן,1979,Partial,23
3037,עפר שלח,1960,Partial,23
3038,איציק שמולי,1980,Full,23
3039,רם שפע,1985,Partial,23
3040,אילת שקד,1976,Full,23
3041,עאידה תומא סלימאן,1964,Full,23
3042,פנינה תמנו,1981,Full,23
3043,סמי אבו שחאדה,1975,Full,24
3044,משה אבוטבול,1965,Full,24
3045,אלי אבידר,1964,Partial,24
3046,יולי יואל אדלשטיין,1958,Full,24
3047,אמיר אוחנה,1976,Full,24
3048,ניר אורבך,1970,Full,24
3049,ינון אזולאי,1979,Full,24
3050,ישראל אייכלר,1955,Full,24
3051,קארין אלהרר,1977,Partial,24
3052,סעיד אלחרומי,1972,Partial,24
3053,זאב אלקין,1971,Partial,24
3054,דוד אמסלם,1960,Full,24
3055,אופיר אקוניס,1973,Full,24
3056,משה ארבל,1983,Full,24
3057,יעקב אשר,1965,Full,24
3058,זאב בנימין  בגין,1943,Full,24
3059,אוריאל בוסו,1973,Full,24
3060,מישל בוסקילה,1966,Partial,24
3061,ענבר בזק,1974,Partial,24
3062,חיים ביטון,1978,Full,24
3063,מיכאל מרדכי ביטון,1970,Full,24
3064,דוד ביטן,1960,Full,24
3065,ולדימיר בליאק,1973,Full,24
3066,רם בן ברק,1958,Full,24
3067,איתמר בן גביר,1976,Full,24
3068,יואב בן צור,1958,Full,24
3069,מירב  בן-ארי,1975,Full,24
3070,נפתלי בנט,1972,Full,24
3071,אורנה ברביבאי,1962,Partial,24
3072,אלינה ברדץ' יאלוב,1982,Partial,24
3073,אליהו ברוכי,1976,Partial,24
3074,עמר בר-לב,1953,Partial,24
3075,קרן ברק,1972,Full,24
3076,ניר ברקת,1959,Full,24
3077,יאיר גולן,1962,Full,24
3078,מאי גולן,1986,Full,24
3079,איתן גינזבורג,1977,Full,24
3080,יואב גלנט,1958,Full,24
3081,גילה גמליאל,1974,Full,24
3082,מאזן גנאים,1956,Full,24
3083,בני גנץ,1959,Full,24
3084,משה גפני,1952,Full,24
3085,סימון דוידסון,1970,Partial,24
3086,אבי דיכטר,1952,Full,24
3087,גלית דיסטל אטבריאן,1971,Full,24
3088,אריה מכלוף דרעי,1959,Partial,24
3089,צבי האוזר,1968,Partial,24
3090,ניצן הורוביץ,1965,Partial,24
3091,צחי הנגבי,1957,Full,24
3092,יועז הנדל,1975,Partial,24
3093,שרן מרים השכל,1984,Full,24
3094,מיכל מרים וולדיגר,1969,Full,24
3095,רות וסרמן לנדה,1976,Partial,24
3096,מכלוף מיקי זוהר,1980,Full,24
3097,תמר זנדברג,1976,Partial,24
3098,אימאן ח'טיב יאסין,1964,Partial,24
3099,ווליד טאהא,1968,Full,24
3100,בועז טופורובסקי,1980,Full,24
3101,משה טור פז,1972,Partial,24
3102,אחמד טיבי,1958,Full,24
3103,יוסף טייב,1981,Partial,24
3104,אלון טל,1960,Partial,24
3105,יעקב טסלר,1973,Partial,24
3106,חילי טרופר,1978,Partial,24
3107,דסטה גדי יברקן,1981,Partial,24
3108,מאיר יצחק-הלוי,1953,Partial,24
3109,אלי אליהו כהן,1972,Full,24
3110,מאיר כהן,1955,Full,24
3111,מירב כהן,1983,Partial,24
3112,מתן כהנא,1972,Partial,24
3113,יום טוב חי כלפון,1986,Partial,24
3114,עופר כסיף,1964,Full,24
3115,אופיר כץ,1980,Full,24
3116,חיים כץ,1947,Full,24
3117,ישראל כץ,1955,Full,24
3118,רון כץ,1985,Full,24
3119,יוראי להב הרצנו,1988,Full,24
3120,מיקי לוי,1951,Full,24
3121,אורלי לוי אבקסיס,1973,Full,24
3122,יריב לוין,1969,Full,24
3123,נעמה לזימי,1986,Partial,24
3124,אביגדור ליברמן,1958,Partial,24
3125,יעקב ליצמן,1948,Partial,24
3126,גבי לסקי,1967,Partial,24
3127,יאיר לפיד,1963,Full,24
3128,לימור מגן תלם,1971,Partial,24
3129,אמילי חיה מואטי,1980,Full,24
3130,פטין מולא,1960,Full,24
3131,טטיאנה מזרסקי,1976,Partial,24
3132,מרב מיכאלי,1966,Full,24
3133,יוליה מלינובסקי,1975,Full,24
3134,מיכאל  מלכיאלי,1982,Full,24
3135,אביגדור מעוז,1956,Full,24
3136,אורי מקלב,1957,Partial,24
3137,אבתיסאם מראענה,1975,Full,24
3138,יעקב מרגי,1960,Full,24
3139,מופיד מרעי,1959,Partial,24
3140,בנימין נתניהו,1949,Full,24
3141,יואב סגלוביץ',1959,Full,24
3142,יבגני סובה,1980,Full,24
3143,אופיר סופר,1974,Full,24
3144,אורית סטרוק,1960,Full,24
3145,עידית סילמן,1980,Partial,24
3146,עלי סלאלחה,1952,Partial,24
3147,בצלאל סמוטריץ',1980,Full,24
3148,אוסאמה סעדי,1963,Full,24
3149,גדעון סער,1966,Partial,24
3150,מנסור עבאס,1974,Full,24
3151,איימן עודה,1975,Full,24
3152,חוה אתי עטייה,1960,Full,24
3153,חמד עמאר,1964,Partial,24
3154,עודד פורר,1977,Partial,24
3155,יצחק זאב פינדרוס,1971,Full,24
3156,שירלי פינטו קדוש,1989,Partial,24
3157,טלי פלוסקוב,1962,Partial,24
3158,מאיר פרוש,1955,Full,24
3159,עיסאווי פריג',1963,Partial,24
3160,יסמין פרידמן,1973,Partial,24
3161,אורית פרקש הכהן,1970,Partial,24
3162,אביר קארה,1983,Full,24
3163,אלכס קושניר,1978,Full,24
3164,יואב קיש,1968,Full,24
3165,גלעד קריב,1973,Full,24
3166,שלמה קרעי,1982,Full,24
3167,מירי מרים רגב,1965,Full,24
3168,מיכל רוזין,1969,Partial,24
3169,שמחה רוטמן,1980,Full,24
3170,עידן רול,1984,Partial,24
3171,יעל רון בן משה,1978,Full,24
3172,שרון רופא אופיר,1970,Partial,24
3173,מוסי רז,1965,Full,24
3174,יואל רזבוזוב,1980,Partial,24
3175,אפרת רייטן מרום,1972,Full,24
3176,ג'ידא רינאוי-זועבי,1972,Full,24
3177,יפעת שאשא ביטון,1973,Full,24
3178,אלון שוסטר,1957,Full,24
3179,יובל שטייניץ,1958,Full,24
3180,קטי קטרין שטרית,1960,Full,24
3181,אלעזר שטרן,1956,Full,24
3182,אורנה שטרקמן,1982,Partial,24
3183,יוסף שיין,1956,Partial,24
3184,עמיחי שיקלי,1981,Partial,24
3185,מיכל שיר סגמן,1979,Partial,24
3186,רם שפע,1985,Full,24
3187,נירה שפק,1966,Full,24
3188,אילת שקד,1976,Partial,24
3189,עאידה תומא סלימאן,1964,Full,24
3190,פנינה תמנו,1981,Partial,24
